observationid;sampleid;longitude;latitude;locationError;TimeSpan.begin;TimeSpan.end;altitude;altitudeMode;sampleArea;sampleThickness;LAND;PARENT;GEO;LITHO;TAXON;SLOPE;DRAIN;FRAG;ROCK;GRAVEL;CANOPY;DATE;TEAM
na;sm-dnos-001;-53.794645;-29.651271;15;2008;2013;na;na;100;20;animal husbandry;sedimentary;na;na;RY;3;well;0;0;na;medium;10/02/09;Alessandro Samuel Rosa, Pablo Miguel, Andrisa Balbinot, Jean Michel Moura Bueno
na;sm-dnos-002;-53.793987;-29.650564;15;2008;2013;na;na;100;20;animal husbandry;sedimentary;na;na;PBAC;3;moderately well;0;0;na;high;10/02/09;Alessandro Samuel Rosa, Pablo Miguel, Andrisa Balbinot, Jean Michel Moura Bueno
na;sm-dnos-003;-53.793993;-29.650232;15;2008;2013;na;na;100;20;crop agriculture;sedimentary;na;na;PBAC;3;moderately well;0;0;na;low;10/02/09;Alessandro Samuel Rosa, Pablo Miguel, Andrisa Balbinot, Jean Michel Moura Bueno
na;sm-dnos-004;-53.794345;-29.650311;15;2008;2013;na;na;100;20;native forest;sedimentary;na;na;RY;3;well;0;0;na;low;10/02/09;Alessandro Samuel Rosa, Pablo Miguel, Andrisa Balbinot, Jean Michel Moura Bueno
na;sm-dnos-005;-53.792947;-29.650838;15;2008;2013;na;na;100;20;animal husbandry;sedimentary;na;na;RY;3;moderately well;0;0;na;high;10/02/09;Alessandro Samuel Rosa, Pablo Miguel, Andrisa Balbinot, Jean Michel Moura Bueno
na;sm-dnos-006;-53.793499;-29.649951;15;2008;2013;na;na;100;20;crop agriculture;sedimentary;na;na;PBAC;3;moderately well;0;0;na;low;10/02/09;Alessandro Samuel Rosa, Pablo Miguel, Andrisa Balbinot, Jean Michel Moura Bueno
na;sm-dnos-007;-53.793272;-29.649962;15;2008;2013;na;na;100;20;shrubland;sedimentary;na;na;PBAC;3;moderately well;0;0;na;somewhat high;10/02/09;Alessandro Samuel Rosa, Pablo Miguel, Andrisa Balbinot, Jean Michel Moura Bueno
na;sm-dnos-008;-53.793633;-29.648468;15;2008;2013;na;na;100;20;animal husbandry;sedimentary;na;na;SX;3;somewhat poorly;0;0;na;high;10/02/09;Alessandro Samuel Rosa, Pablo Miguel, Andrisa Balbinot, Jean Michel Moura Bueno
na;sm-dnos-009;-53.793707;-29.647836;15;2008;2013;na;na;100;20;animal husbandry;sedimentary;na;na;SX;3;somewhat poorly;0;0;na;high;10/02/09;Alessandro Samuel Rosa, Pablo Miguel, Andrisa Balbinot, Jean Michel Moura Bueno
na;sm-dnos-010;-53.793019;-29.64797;15;2008;2013;na;na;100;20;native forest;sedimentary;na;na;PBAC;3;well;0;0;na;low;10/02/09;Alessandro Samuel Rosa, Pablo Miguel, Andrisa Balbinot, Jean Michel Moura Bueno
na;sm-dnos-011;-53.792816;-29.64804;15;2008;2013;na;na;100;20;shrubland;sedimentary;na;na;PBAC;3;moderately well;0;0;na;high;10/02/09;Alessandro Samuel Rosa, Pablo Miguel, Andrisa Balbinot, Jean Michel Moura Bueno
na;sm-dnos-012;-53.79206;-29.64927;15;2008;2013;na;na;100;20;animal husbandry;sedimentary;na;na;PBAC;3;moderately well;0;0;na;high;10/02/09;Alessandro Samuel Rosa, Pablo Miguel, Andrisa Balbinot, Jean Michel Moura Bueno
na;sm-dnos-013;-53.79184;-29.648724;15;2008;2013;na;na;100;20;crop agriculture;sedimentary;na;na;PBAC;3;well;0;0;na;low;10/02/09;Alessandro Samuel Rosa, Pablo Miguel, Andrisa Balbinot, Jean Michel Moura Bueno
na;sm-dnos-014;-53.792442;-29.648539;15;2008;2013;na;na;100;20;animal husbandry;sedimentary;na;na;CX;3;well;0;0;na;high;10/02/09;Alessandro Samuel Rosa, Pablo Miguel, Andrisa Balbinot, Jean Michel Moura Bueno
na;sm-dnos-015;-53.792655;-29.648548;15;2008;2013;na;na;100;20;crop agriculture;sedimentary;na;na;CX;12;well;0;0;na;somewhat high;10/02/09;Alessandro Samuel Rosa, Pablo Miguel, Andrisa Balbinot, Jean Michel Moura Bueno
na;sm-dnos-016;-53.792509;-29.647109;15;2008;2013;na;na;100;20;animal husbandry;sedimentary;na;na;RL;82;well;0;0;na;medium;10/02/09;Alessandro Samuel Rosa, Pablo Miguel, Andrisa Balbinot, Jean Michel Moura Bueno
na;sm-dnos-017;-53.79256;-29.646736;15;2008;2013;na;na;100;20;native forest;sedimentary;na;na;RL;50;well;0;0;na;somewhat high;10/02/09;Alessandro Samuel Rosa, Pablo Miguel, Andrisa Balbinot, Jean Michel Moura Bueno
na;sm-dnos-018;-53.792256;-29.646199;15;2008;2013;na;na;100;20;animal husbandry;sedimentary;na;na;RQ;18;well;0;0;na;somewhat high;10/02/09;Alessandro Samuel Rosa, Pablo Miguel, Andrisa Balbinot, Jean Michel Moura Bueno
na;sm-dnos-019;-53.792114;-29.645725;15;2008;2013;na;na;100;20;native forest;sedimentary;na;na;RL;108;well;0;0;na;somewhat high;10/02/09;Alessandro Samuel Rosa, Pablo Miguel, Andrisa Balbinot, Jean Michel Moura Bueno
na;sm-dnos-020;-53.791419;-29.646682;15;2008;2013;na;na;100;20;animal husbandry;sedimentary;na;na;RL;67;moderately well;0;0;na;high;10/02/09;Alessandro Samuel Rosa, Pablo Miguel, Andrisa Balbinot, Jean Michel Moura Bueno
na;sm-dnos-021;-53.793887;-29.652717;15;2008;2013;na;na;100;20;animal husbandry;sedimentary;na;na;PBAC;3;moderately well;0;0;na;somewhat high;10/02/09;Alessandro Samuel Rosa, Pablo Miguel, Andrisa Balbinot, Jean Michel Moura Bueno
na;sm-dnos-022;-53.790043;-29.648311;15;2008;2013;na;na;100;20;shrubland;sedimentary;na;na;PBAC;22;well;0;0;na;medium;11/02/09;Pablo Miguel, Andrisa Balbinot, Jean Michel Moura Bueno, Michel André Miguel
na;sm-dnos-023;-53.78955;-29.648663;15;2008;2013;na;na;100;20;crop agriculture;sedimentary;na;na;PBAC;23;well;0;0;na;low;11/02/09;Pablo Miguel, Andrisa Balbinot, Jean Michel Moura Bueno, Michel André Miguel
na;sm-dnos-024;-53.788403;-29.649114;15;2008;2013;na;na;100;20;animal husbandry;sedimentary;na;na;PBAC;24;well;0;0;na;high;11/02/09;Pablo Miguel, Andrisa Balbinot, Jean Michel Moura Bueno, Michel André Miguel
na;sm-dnos-025;-53.786795;-29.650051;15;2008;2013;na;na;100;20;native forest;sedimentary;na;na;PBAC;25;well;0;0;na;high;11/02/09;Pablo Miguel, Andrisa Balbinot, Jean Michel Moura Bueno, Michel André Miguel
na;sm-dnos-026;-53.786729;-29.650198;15;2008;2013;na;na;100;20;shrubland;sedimentary;na;na;PBAC;26;well;0;0;na;somewhat high;11/02/09;Pablo Miguel, Andrisa Balbinot, Jean Michel Moura Bueno, Michel André Miguel
na;sm-dnos-027;-53.786439;-29.647667;15;2008;2013;na;na;100;20;native forest;sedimentary;na;na;RL;20;well;0;0;na;medium;11/02/09;Pablo Miguel, Andrisa Balbinot, Jean Michel Moura Bueno, Michel André Miguel
na;sm-dnos-028;-53.786838;-29.647463;15;2008;2013;na;na;100;20;crop agriculture;sedimentary;na;na;PBAC;10;well;0;0;na;low;11/02/09;Pablo Miguel, Andrisa Balbinot, Jean Michel Moura Bueno, Michel André Miguel
na;sm-dnos-029;-53.785726;-29.646196;15;2008;2013;na;na;100;20;crop agriculture;sedimentary;na;na;PBAC;20;well;0;0;na;medium;11/02/09;Pablo Miguel, Andrisa Balbinot, Jean Michel Moura Bueno, Michel André Miguel
na;sm-dnos-030;-53.782776;-29.642239;15;2008;2013;na;na;100;20;crop agriculture;sedimentary;na;na;PBAC;20;well;0;0;na;low;11/02/09;Pablo Miguel, Andrisa Balbinot, Jean Michel Moura Bueno, Michel André Miguel
na;sm-dnos-031;-53.782604;-29.641715;15;2008;2013;na;na;100;20;crop agriculture;sedimentary;na;na;RL;38;well;0;0;na;low;11/02/09;Pablo Miguel, Andrisa Balbinot, Jean Michel Moura Bueno, Michel André Miguel
na;sm-dnos-032;-53.78358;-29.643612;15;2008;2013;na;na;100;20;forestry;sedimentary;na;na;PBAC;20;well;0;0;na;medium;11/02/09;Pablo Miguel, Andrisa Balbinot, Jean Michel Moura Bueno, Michel André Miguel
na;sm-dnos-033;-53.783181;-29.644809;15;2008;2013;na;na;100;20;native forest;sedimentary;na;na;RL;96;well;0;0;na;high;11/02/09;Pablo Miguel, Andrisa Balbinot, Jean Michel Moura Bueno, Michel André Miguel
na;sm-dnos-034;-53.786181;-29.645831;15;2008;2013;na;na;100;20;forestry;sedimentary;na;na;PBAC;10;well;0;0;na;medium;11/02/09;Pablo Miguel, Andrisa Balbinot, Jean Michel Moura Bueno, Michel André Miguel
na;sm-dnos-035;-53.79162;-29.65165;15;2008;2013;na;na;100;20;animal husbandry;sedimentary;na;na;PBAC;10;moderately well;0;0;na;high;11/02/09;Pablo Miguel, Andrisa Balbinot, Jean Michel Moura Bueno, Michel André Miguel
na;sm-dnos-036;-53.790323;-29.650243;15;2008;2013;na;na;100;20;animal husbandry;sedimentary;na;na;PBAC;27;well;0;0;na;high;11/02/09;Pablo Miguel, Andrisa Balbinot, Jean Michel Moura Bueno, Michel André Miguel
na;sm-dnos-037;-53.789106;-29.649981;15;2008;2013;na;na;100;20;native forest;sedimentary;na;na;PBAC;60;well;0;0;na;high;11/02/09;Pablo Miguel, Andrisa Balbinot, Jean Michel Moura Bueno, Michel André Miguel
na;sm-dnos-038;-53.788766;-29.650904;15;2008;2013;na;na;100;20;crop agriculture;sedimentary;na;na;PBAC;20;well;0;0;na;low;11/02/09;Pablo Miguel, Andrisa Balbinot, Jean Michel Moura Bueno, Michel André Miguel
na;sm-dnos-039;-53.788001;-29.651884;15;2008;2013;na;na;100;20;forestry;sedimentary;na;na;PBAC;28;well;0;0;na;high;11/02/09;Pablo Miguel, Andrisa Balbinot, Jean Michel Moura Bueno, Michel André Miguel
na;sm-dnos-040;-53.78967;-29.652096;15;2008;2013;na;na;100;20;native forest;sedimentary;na;na;PBAC;10;well;0;0;na;high;11/02/09;Pablo Miguel, Andrisa Balbinot, Jean Michel Moura Bueno, Michel André Miguel
na;sm-dnos-041;-53.790849;-29.6533;15;2008;2013;na;na;100;20;animal husbandry;sedimentary;na;na;PBAC;20;well;0;0;na;high;11/02/09;Pablo Miguel, Andrisa Balbinot, Jean Michel Moura Bueno, Michel André Miguel
na;sm-dnos-042;-53.788561;-29.654778;15;2008;2013;na;na;100;20;animal husbandry;sedimentary;na;na;PBAC;10;well;0;0;na;high;12/02/09;Pablo Miguel, Jean Michel Moura Bueno, Andrisa Balbinot
na;sm-dnos-043;-53.788313;-29.654537;15;2008;2013;na;na;100;20;crop agriculture;sedimentary;na;na;PBAC;10;well;0;0;na;low;12/02/09;Pablo Miguel, Jean Michel Moura Bueno, Andrisa Balbinot
na;sm-dnos-044;-53.790373;-29.654251;15;2008;2013;na;na;100;20;animal husbandry;sedimentary;na;na;PBAC;68;well;0;0;na;high;12/02/09;Pablo Miguel, Jean Michel Moura Bueno, Andrisa Balbinot
na;sm-dnos-045;-53.796479;-29.653913;15;2008;2013;na;na;100;20;animal husbandry;sedimentary;na;na;PBAC;29;well;0;0;na;high;12/02/09;Pablo Miguel, Jean Michel Moura Bueno, Andrisa Balbinot
na;sm-dnos-046;-53.795904;-29.653944;15;2008;2013;na;na;100;20;native forest;sedimentary;na;na;PBAC;55;well;0;0;na;medium;12/02/09;Pablo Miguel, Jean Michel Moura Bueno, Andrisa Balbinot
na;sm-dnos-047;-53.797283;-29.654583;15;2008;2013;na;na;100;20;shrubland;sedimentary;na;na;RL;20;well;0;0;na;high;12/02/09;Pablo Miguel, Jean Michel Moura Bueno, Andrisa Balbinot
na;sm-dnos-048;-53.799054;-29.654445;15;2008;2013;na;na;100;20;native forest;sedimentary;na;na;PBAC;69;well;0;0;na;high;12/02/09;Pablo Miguel, Jean Michel Moura Bueno, Andrisa Balbinot
na;sm-dnos-049;-53.799533;-29.653968;15;2008;2013;na;na;100;20;animal husbandry;sedimentary;na;na;RL;70;well;0;0;na;somewhat high;12/02/09;Pablo Miguel, Jean Michel Moura Bueno, Andrisa Balbinot
na;sm-dnos-050;-53.799876;-29.653101;15;2008;2013;na;na;100;20;native forest;sedimentary;na;na;PBAC;43;well;0;0;na;high;12/02/09;Pablo Miguel, Jean Michel Moura Bueno, Andrisa Balbinot
na;sm-dnos-051;-53.798608;-29.653072;15;2008;2013;na;na;100;20;animal husbandry;sedimentary;na;na;RL;15;well;0;0;na;medium;12/02/09;Pablo Miguel, Jean Michel Moura Bueno, Andrisa Balbinot
na;sm-dnos-052;-53.797866;-29.653518;15;2008;2013;na;na;100;20;native forest;sedimentary;na;na;PBAC;71;well;0;0;na;high;12/02/09;Pablo Miguel, Jean Michel Moura Bueno, Andrisa Balbinot
na;sm-dnos-053;-53.795823;-29.653543;15;2008;2013;na;na;100;20;crop agriculture;sedimentary;na;na;RL;20;well;0;0;na;low;12/02/09;Pablo Miguel, Jean Michel Moura Bueno, Andrisa Balbinot
na;sm-dnos-054;-53.794759;-29.65719;15;2008;2013;na;na;100;20;animal husbandry;sedimentary;na;na;PBAC;72;well;0;0;na;medium;12/02/09;Pablo Miguel, Jean Michel Moura Bueno, Andrisa Balbinot
na;sm-dnos-055;-53.798576;-29.655777;15;2008;2013;na;na;100;20;native forest;sedimentary;na;na;PBAC;10;well;0;0;na;high;12/02/09;Pablo Miguel, Jean Michel Moura Bueno, Andrisa Balbinot
na;sm-dnos-056;-53.800101;-29.656367;15;2008;2013;na;na;100;20;animal husbandry;sedimentary;na;na;RR;20;well;0;0;na;high;12/02/09;Pablo Miguel, Jean Michel Moura Bueno, Andrisa Balbinot
na;sm-dnos-057;-53.802126;-29.656873;15;2008;2013;na;na;100;20;shrubland;sedimentary;na;na;RL;50;well;0;0;na;low;12/02/09;Pablo Miguel, Jean Michel Moura Bueno, Andrisa Balbinot
na;sm-dnos-058;-53.801405;-29.657328;15;2008;2013;na;na;100;20;animal husbandry;sedimentary;na;na;RL;113;somewhat poorly;0;0;na;high;12/02/09;Pablo Miguel, Jean Michel Moura Bueno, Andrisa Balbinot
na;sm-dnos-059;-53.795093;-29.656811;15;2008;2013;na;na;100;20;crop agriculture;sedimentary;na;na;PBAC;3;somewhat poorly;0;0;na;medium;12/02/09;Pablo Miguel, Jean Michel Moura Bueno, Andrisa Balbinot
na;sm-dnos-060;-53.79213;-29.655161;15;2008;2013;na;na;100;20;crop agriculture;sedimentary;na;na;SX;3;moderately well;0;0;na;low;12/02/09;Pablo Miguel, Jean Michel Moura Bueno, Andrisa Balbinot
na;sm-dnos-061;-53.793303;-29.655905;15;2008;2013;na;na;100;20;animal husbandry;sedimentary;na;na;SX;3;poorly;0;0;na;high;12/02/09;Pablo Miguel, Jean Michel Moura Bueno, Andrisa Balbinot
na;sm-dnos-062;-53.799539;-29.652645;15;2008;2013;na;na;100;20;animal husbandry;sedimentary;na;na;PBAC;8;well;0;0;na;somewhat high;12/02/09;Pablo Miguel, Jean Michel Moura Bueno, Andrisa Balbinot
na;sm-dnos-063;-53.807537;-29.652779;15;2008;2013;na;na;100;20;animal husbandry;sedimentary;na;na;RR;58;well;0;0;na;somewhat high;17/02/09;Alessandro Samuel Rosa, Pablo Miguel, Jean Michel Moura Bueno, Andrisa Balbinot
na;sm-dnos-064;-53.806834;-29.652269;15;2008;2013;na;na;100;20;shrubland;sedimentary;na;na;PBAC;49;poorly;0;0;na;high;17/02/09;Alessandro Samuel Rosa, Pablo Miguel, Jean Michel Moura Bueno, Andrisa Balbinot
na;sm-dnos-065;-53.806154;-29.651724;15;2008;2013;na;na;100;20;forestry;sedimentary;na;na;PBAC;16;well;0;0;na;low;17/02/09;Alessandro Samuel Rosa, Pablo Miguel, Jean Michel Moura Bueno, Andrisa Balbinot
na;sm-dnos-066;-53.808047;-29.651232;15;2008;2013;na;na;100;20;crop agriculture;sedimentary;na;na;PBAC;30;well;0;0;na;low;17/02/09;Alessandro Samuel Rosa, Pablo Miguel, Jean Michel Moura Bueno, Andrisa Balbinot
na;sm-dnos-067;-53.810477;-29.650894;15;2008;2013;na;na;100;20;shrubland;sedimentary;na;na;PBAC;39;moderately well;0;0;na;high;17/02/09;Alessandro Samuel Rosa, Pablo Miguel, Jean Michel Moura Bueno, Andrisa Balbinot
na;sm-dnos-068;-53.810061;-29.650623;15;2008;2013;na;na;100;20;forestry;sedimentary;na;na;PBAC;16;well;0;0;na;somewhat high;17/02/09;Alessandro Samuel Rosa, Pablo Miguel, Jean Michel Moura Bueno, Andrisa Balbinot
na;sm-dnos-069;-53.804721;-29.651086;15;2008;2013;na;na;100;20;native forest;sedimentary;na;na;PBAC;8;moderately well;0;0;na;somewhat high;17/02/09;Alessandro Samuel Rosa, Pablo Miguel, Jean Michel Moura Bueno, Andrisa Balbinot
na;sm-dnos-070;-53.803219;-29.651684;15;2008;2013;na;na;100;20;animal husbandry;sedimentary;na;na;PBAC;10;well;0;0;na;low;17/02/09;Alessandro Samuel Rosa, Pablo Miguel, Jean Michel Moura Bueno, Andrisa Balbinot
na;sm-dnos-071;-53.804261;-29.652893;15;2008;2013;na;na;100;20;shrubland;sedimentary;na;na;PBAC;44;well;1;1;na;somewhat high;17/02/09;Alessandro Samuel Rosa, Pablo Miguel, Jean Michel Moura Bueno, Andrisa Balbinot
na;sm-dnos-072;-53.802675;-29.652871;15;2008;2013;na;na;100;20;animal husbandry;sedimentary;na;na;PBAC;31;moderately well;0;0;na;somewhat high;17/02/09;Alessandro Samuel Rosa, Pablo Miguel, Jean Michel Moura Bueno, Andrisa Balbinot
na;sm-dnos-073;-53.803316;-29.653768;15;2008;2013;na;na;100;15;shrubland;sedimentary;na;na;RL;50;well;0;1;na;somewhat high;17/02/09;Alessandro Samuel Rosa, Pablo Miguel, Jean Michel Moura Bueno, Andrisa Balbinot
na;sm-dnos-074;-53.802057;-29.65548;15;2008;2013;na;na;100;20;animal husbandry;sedimentary;na;na;RL;18;well;1;1;na;high;17/02/09;Alessandro Samuel Rosa, Pablo Miguel, Jean Michel Moura Bueno, Andrisa Balbinot
na;sm-dnos-075;-53.801966;-29.654216;15;2008;2013;na;na;100;20;native forest;sedimentary;na;na;RL;83;well;0;0;na;high;17/02/09;Alessandro Samuel Rosa, Pablo Miguel, Jean Michel Moura Bueno, Andrisa Balbinot
na;sm-dnos-076;-53.801884;-29.651857;15;2008;2013;na;na;100;20;animal husbandry;sedimentary;na;na;PBAC;14;well;0;0;na;somewhat high;17/02/09;Alessandro Samuel Rosa, Pablo Miguel, Jean Michel Moura Bueno, Andrisa Balbinot
na;sm-dnos-077;-53.801571;-29.649229;15;2008;2013;na;na;100;20;native forest;sedimentary;na;na;CX;32;well;0;0;na;somewhat high;17/02/09;Alessandro Samuel Rosa, Pablo Miguel, Jean Michel Moura Bueno, Andrisa Balbinot
na;sm-dnos-078;-53.800074;-29.648679;15;2008;2013;na;na;100;20;animal husbandry;sedimentary;na;na;CX;33;well;0;0;na;somewhat high;17/02/09;Alessandro Samuel Rosa, Pablo Miguel, Jean Michel Moura Bueno, Andrisa Balbinot
na;sm-dnos-079;-53.798709;-29.649183;15;2008;2013;na;na;100;20;crop agriculture;sedimentary;na;na;RR;16;well;0;0;na;low;17/02/09;Alessandro Samuel Rosa, Pablo Miguel, Jean Michel Moura Bueno, Andrisa Balbinot
na;sm-dnos-080;-53.79658;-29.647794;15;2008;2013;na;na;100;20;crop agriculture;sedimentary;na;na;SX;3;moderately well;0;0;na;low;17/02/09;Alessandro Samuel Rosa, Pablo Miguel, Jean Michel Moura Bueno, Andrisa Balbinot
na;sm-dnos-081;-53.798624;-29.647548;15;2008;2013;na;na;100;20;animal husbandry;sedimentary;na;na;SX;3;somewhat poorly;0;0;na;high;17/02/09;Alessandro Samuel Rosa, Pablo Miguel, Jean Michel Moura Bueno, Andrisa Balbinot
na;sm-dnos-082;-53.800643;-29.646427;15;2008;2013;na;na;100;20;crop agriculture;sedimentary;na;na;SX;3;well;0;0;na;low;17/02/09;Alessandro Samuel Rosa, Pablo Miguel, Jean Michel Moura Bueno, Andrisa Balbinot
na;sm-dnos-083;-53.801826;-29.646066;15;2008;2013;na;na;100;20;animal husbandry;sedimentary;na;na;CX;11;well;0;0;na;medium;17/02/09;Alessandro Samuel Rosa, Pablo Miguel, Jean Michel Moura Bueno, Andrisa Balbinot
na;sm-dnos-084;-53.802176;-29.648401;15;2008;2013;na;na;100;20;animal husbandry;sedimentary;na;na;PBAC;59;well;0;0;na;somewhat high;17/02/09;Alessandro Samuel Rosa, Pablo Miguel, Jean Michel Moura Bueno, Andrisa Balbinot
na;sm-dnos-085;-53.800361;-29.651218;15;2008;2013;na;na;100;20;native forest;sedimentary;na;na;PBAC;8;well;0;0;na;high;18/02/09;Alessandro Samuel Rosa, Pablo Miguel
na;sm-dnos-086;-53.79877;-29.651636;15;2008;2013;na;na;100;20;crop agriculture;sedimentary;na;na;RR;18;well;0;0;na;somewhat low;18/02/09;Alessandro Samuel Rosa, Pablo Miguel
na;sm-dnos-087;-53.797196;-29.650298;15;2008;2013;na;na;100;20;animal husbandry;sedimentary;na;na;PBAC;5;well;0;0;na;high;18/02/09;Alessandro Samuel Rosa, Pablo Miguel
na;sm-dnos-088;-53.796987;-29.649121;15;2008;2013;na;na;100;20;animal husbandry;sedimentary;na;na;RR;20;well;0;0;na;high;18/02/09;Alessandro Samuel Rosa, Pablo Miguel
na;sm-dnos-089;-53.794885;-29.649711;15;2008;2013;na;na;100;20;animal husbandry;sedimentary;na;na;RL;5;well;0;0;na;high;18/02/09;Alessandro Samuel Rosa, Pablo Miguel
na;sm-dnos-090;-53.795826;-29.650713;15;2008;2013;na;na;100;20;animal husbandry;sedimentary;na;na;PBAC;34;well;0;0;na;high;18/02/09;Alessandro Samuel Rosa, Pablo Miguel
na;sm-dnos-091;-53.796188;-29.652779;15;2008;2013;na;na;100;20;native forest;sedimentary;na;na;PBAC;12;moderately well;0;0;na;high;18/02/09;Alessandro Samuel Rosa, Pablo Miguel
na;sm-dnos-092;-53.794408;-29.654742;15;2008;2013;na;na;100;20;animal husbandry;sedimentary;na;na;PBAC;15;well;0;0;na;high;18/02/09;Alessandro Samuel Rosa, Pablo Miguel
na;sm-dnos-093;-53.797649;-29.657177;15;2008;2013;na;na;100;20;animal husbandry;sedimentary;na;na;PBAC;15;well;0;0;na;high;18/02/09;Alessandro Samuel Rosa, Pablo Miguel
na;sm-dnos-094;-53.800373;-29.655175;15;2008;2013;na;na;100;20;native forest;sedimentary;na;na;RL;73;well;1;0;na;somewhat high;18/02/09;Alessandro Samuel Rosa, Pablo Miguel
na;sm-dnos-095;-53.806399;-29.654389;15;2008;2013;na;na;100;20;shrubland;sedimentary;na;na;RL;60;well;0;0;na;medium;06/03/09;Pablo Miguel, Alessandro Samuel Rosa, Jean Michel Moura Bueno, Andrisa Balbinot
na;sm-dnos-096;-53.804268;-29.656062;15;2008;2013;na;na;100;20;native forest;igneous;na;na;RL;93;well;0;0;na;high;06/03/09;Pablo Miguel, Alessandro Samuel Rosa, Jean Michel Moura Bueno, Andrisa Balbinot
na;sm-dnos-097;-53.805302;-29.657426;15;2008;2013;na;na;100;10;shrubland;igneous;na;na;RL;12;well;1;1;na;somewhat low;06/03/09;Pablo Miguel, Alessandro Samuel Rosa, Jean Michel Moura Bueno, Andrisa Balbinot
na;sm-dnos-098;-53.807257;-29.657608;15;2008;2013;na;na;100;20;animal husbandry;igneous;na;na;RL;7;somewhat poorly;0;1;na;high;06/03/09;Pablo Miguel, Alessandro Samuel Rosa, Jean Michel Moura Bueno, Andrisa Balbinot
na;sm-dnos-099;-53.80759;-29.656464;15;2008;2013;na;na;100;20;animal husbandry;sedimentary;na;na;RQ;6;well;0;1;na;high;06/03/09;Pablo Miguel, Alessandro Samuel Rosa, Jean Michel Moura Bueno, Andrisa Balbinot
na;sm-dnos-100;-53.809483;-29.655057;15;2008;2013;na;na;100;20;native forest;igneous;na;na;PBAC;12;somewhat poorly;0;0;na;high;06/03/09;Pablo Miguel, Alessandro Samuel Rosa, Jean Michel Moura Bueno, Andrisa Balbinot
na;sm-dnos-101;-53.810455;-29.653456;15;2008;2013;na;na;100;17.5;animal husbandry;sedimentary;na;na;RL;3;moderately well;0;1;na;high;06/03/09;Pablo Miguel, Alessandro Samuel Rosa, Jean Michel Moura Bueno, Andrisa Balbinot
na;sm-dnos-102;-53.813868;-29.653407;15;2008;2013;na;na;100;20;shrubland;igneous;na;na;RL;20;well;1;1;na;high;06/03/09;Pablo Miguel, Alessandro Samuel Rosa, Jean Michel Moura Bueno, Andrisa Balbinot
na;sm-dnos-103;-53.815807;-29.651554;15;2008;2013;na;na;100;20;animal husbandry;sedimentary;na;na;RL;9;somewhat poorly;0;0;na;high;06/03/09;Pablo Miguel, Alessandro Samuel Rosa, Jean Michel Moura Bueno, Andrisa Balbinot
na;sm-dnos-104;-53.817632;-29.649864;15;2008;2013;na;na;100;20;animal husbandry;igneous;na;na;RL;4;moderately well;0;0;na;high;06/03/09;Pablo Miguel, Alessandro Samuel Rosa, Jean Michel Moura Bueno, Andrisa Balbinot
na;sm-dnos-105;-53.818873;-29.647536;15;2008;2013;na;na;100;20;shrubland;igneous;na;na;CX;61;well;1;0;na;high;06/03/09;Pablo Miguel, Alessandro Samuel Rosa, Jean Michel Moura Bueno, Andrisa Balbinot
na;sm-dnos-106;-53.820936;-29.647208;15;2008;2013;na;na;100;20;shrubland;igneous;na;na;RL;8;well;0;0;na;high;06/03/09;Pablo Miguel, Alessandro Samuel Rosa, Jean Michel Moura Bueno, Andrisa Balbinot
na;sm-dnos-107;-53.819961;-29.644967;15;2008;2013;na;na;100;20;native forest;igneous;na;na;RR;17;well;1;0;na;high;06/03/09;Pablo Miguel, Alessandro Samuel Rosa, Jean Michel Moura Bueno, Andrisa Balbinot
na;sm-dnos-108;-53.817577;-29.645775;15;2008;2013;na;na;100;20;animal husbandry;igneous;na;na;CX;8;poorly;0;0;na;high;06/03/09;Pablo Miguel, Alessandro Samuel Rosa, Jean Michel Moura Bueno, Andrisa Balbinot
na;sm-dnos-109;-53.816721;-29.644392;15;2008;2013;na;na;100;10;shrubland;igneous;na;na;RL;35;moderately well;1;0;na;high;06/03/09;Pablo Miguel, Alessandro Samuel Rosa, Jean Michel Moura Bueno, Andrisa Balbinot
na;sm-dnos-110;-53.816153;-29.646251;15;2008;2013;na;na;100;20;animal husbandry;igneous;na;na;RL;7;somewhat poorly;0;0;na;high;06/03/09;Pablo Miguel, Alessandro Samuel Rosa, Jean Michel Moura Bueno, Andrisa Balbinot
na;sm-dnos-111;-53.816611;-29.648404;15;2008;2013;na;na;100;20;animal husbandry;igneous;na;na;SX;7;poorly;0;0;na;high;06/03/09;Pablo Miguel, Alessandro Samuel Rosa, Jean Michel Moura Bueno, Andrisa Balbinot
na;sm-dnos-112;-53.811275;-29.6551;15;2008;2013;na;na;100;20;crop agriculture;igneous;na;na;PBAC;3;well;0;0;na;low;06/03/09;Pablo Miguel, Alessandro Samuel Rosa, Jean Michel Moura Bueno, Andrisa Balbinot
na;sm-dnos-113;-53.807366;-29.653931;15;2008;2013;na;na;100;15;native forest;sedimentary;na;na;RL;114;moderately well;1;0;na;high;07/03/09;Pablo Miguel, Alessandro Samuel Rosa, Jean Michel Moura Bueno, Eduardo Adirbal Rosa
na;sm-dnos-114;-53.808993;-29.651437;15;2008;2013;na;na;100;20;crop agriculture;sedimentary;na;na;PBAC;62;well;1;0;na;somewhat low;07/03/09;Pablo Miguel, Alessandro Samuel Rosa, Jean Michel Moura Bueno, Eduardo Adirbal Rosa
na;sm-dnos-115;-53.812923;-29.649653;15;2008;2013;na;na;100;15;animal husbandry;sedimentary;na;na;RL;103;moderately well;1;0;na;somewhat high;07/03/09;Pablo Miguel, Alessandro Samuel Rosa, Jean Michel Moura Bueno, Eduardo Adirbal Rosa
na;sm-dnos-116;-53.813232;-29.65128;15;2008;2013;na;na;100;20;animal husbandry;sedimentary;na;na;PV;74;well;0;1;na;somewhat high;07/03/09;Pablo Miguel, Alessandro Samuel Rosa, Jean Michel Moura Bueno, Eduardo Adirbal Rosa
na;sm-dnos-117;-53.814701;-29.649635;15;2008;2013;na;na;100;20;animal husbandry;sedimentary;na;na;RL;94;moderately well;0;1;na;medium;07/03/09;Pablo Miguel, Alessandro Samuel Rosa, Jean Michel Moura Bueno, Eduardo Adirbal Rosa
na;sm-dnos-118;-53.81388;-29.647975;15;2008;2013;na;na;100;17.5;native forest;sedimentary;na;na;RL;109;well;1;1;na;high;07/03/09;Pablo Miguel, Alessandro Samuel Rosa, Jean Michel Moura Bueno, Eduardo Adirbal Rosa
na;sm-dnos-119;-53.814177;-29.646382;15;2008;2013;na;na;100;20;native forest;sedimentary;na;na;RL;60;well;1;0;na;high;07/03/09;Pablo Miguel, Alessandro Samuel Rosa, Jean Michel Moura Bueno, Eduardo Adirbal Rosa
na;sm-dnos-120;-53.814058;-29.644258;15;2008;2013;na;na;100;20;shrubland;sedimentary;na;na;RL;75;well;1;1;na;somewhat high;07/03/09;Pablo Miguel, Alessandro Samuel Rosa, Jean Michel Moura Bueno, Eduardo Adirbal Rosa
na;sm-dnos-121;-53.812037;-29.643926;15;2008;2013;na;na;100;15;native forest;igneous;na;na;RL;13;well;1;0;na;high;07/03/09;Pablo Miguel, Alessandro Samuel Rosa, Jean Michel Moura Bueno, Eduardo Adirbal Rosa
na;sm-dnos-122;-53.810899;-29.641713;15;2008;2013;na;na;100;20;animal husbandry;sedimentary;na;na;SX;11;somewhat poorly;0;0;na;high;07/03/09;Pablo Miguel, Alessandro Samuel Rosa, Jean Michel Moura Bueno, Eduardo Adirbal Rosa
na;sm-dnos-123;-53.803386;-29.649988;15;2008;2013;na;na;100;20;animal husbandry;sedimentary;na;na;RL;8;moderately well;0;0;na;somewhat low;10/03/09;Pablo Miguel, Alessandro Samuel Rosa
na;sm-dnos-124;-53.80643;-29.649006;15;2008;2013;na;na;100;20;shrubland;sedimentary;na;na;PBAC;16;somewhat poorly;0;0;na;somewhat high;10/03/09;Pablo Miguel, Alessandro Samuel Rosa
na;sm-dnos-125;-53.808957;-29.648853;15;2008;2013;na;na;100;20;shrubland;sedimentary;na;na;PBAC;21;moderately well;0;0;na;somewhat high;10/03/09;Pablo Miguel, Alessandro Samuel Rosa
na;sm-dnos-126;-53.811243;-29.649264;15;2008;2013;na;na;100;20;shrubland;sedimentary;na;na;PBAC;19;somewhat poorly;0;0;na;high;10/03/09;Pablo Miguel, Alessandro Samuel Rosa
na;sm-dnos-127;-53.811811;-29.647241;15;2008;2013;na;na;100;20;forestry;sedimentary;na;na;PBAC;15;well;0;0;na;high;10/03/09;Pablo Miguel, Alessandro Samuel Rosa
na;sm-dnos-128;-53.808963;-29.64702;15;2008;2013;na;na;100;20;crop agriculture;sedimentary;na;na;PBAC;20;moderately well;0;0;na;somewhat low;10/03/09;Pablo Miguel, Alessandro Samuel Rosa
na;sm-dnos-129;-53.806336;-29.647018;15;2008;2013;na;na;100;20;crop agriculture;sedimentary;na;na;PBAC;10;well;0;0;na;somewhat low;10/03/09;Pablo Miguel, Alessandro Samuel Rosa
na;sm-dnos-130;-53.804158;-29.647128;15;2008;2013;na;na;100;20;native forest;sedimentary;na;na;PBAC;8;moderately well;0;0;na;high;10/03/09;Pablo Miguel, Alessandro Samuel Rosa
na;sm-dnos-131;-53.805031;-29.643413;15;2008;2013;na;na;100;20;animal husbandry;sedimentary;na;na;PBAC;12;well;0;0;na;somewhat high;10/03/09;Pablo Miguel, Alessandro Samuel Rosa
na;sm-dnos-132;-53.804305;-29.645335;15;2008;2013;na;na;100;20;forestry;sedimentary;na;na;RL;11;well;0;0;na;medium;10/03/09;Pablo Miguel, Alessandro Samuel Rosa
na;sm-dnos-133;-53.80691;-29.644425;15;2008;2013;na;na;100;20;animal husbandry;sedimentary;na;na;PBAC;51;moderately well;0;0;na;high;10/03/09;Pablo Miguel, Alessandro Samuel Rosa
na;sm-dnos-134;-53.809659;-29.64505;15;2008;2013;na;na;100;10;shrubland;igneous;na;na;RL;17;well;0;0;na;high;10/03/09;Pablo Miguel, Alessandro Samuel Rosa
na;sm-dnos-135;-53.812042;-29.645162;15;2008;2013;na;na;100;10;shrubland;igneous;na;na;RL;127;well;1;0;na;high;10/03/09;Pablo Miguel, Alessandro Samuel Rosa
na;sm-dnos-136;-53.814595;-29.641137;15;2008;2013;na;na;100;20;animal husbandry;igneous;na;na;RL;52;well;0;1;na;somewhat high;10/03/09;Pablo Miguel, Alessandro Samuel Rosa
na;sm-dnos-137;-53.814757;-29.642793;15;2008;2013;na;na;100;20;animal husbandry;sedimentary;na;na;PBAC;53;well;1;1;na;somewhat high;10/03/09;Pablo Miguel, Alessandro Samuel Rosa
na;sm-dnos-138;-53.809797;-29.642767;15;2008;2013;na;na;100;20;shrubland;sedimentary;na;na;PBAC;14;somewhat poorly;0;0;na;high;10/03/09;Pablo Miguel, Alessandro Samuel Rosa
na;sm-dnos-139;-53.806685;-29.641557;15;2008;2013;na;na;100;20;animal husbandry;sedimentary;na;na;PBAC;9;well;0;0;na;high;10/03/09;Pablo Miguel, Alessandro Samuel Rosa
na;sm-dnos-140;-53.787549;-29.641442;15;2008;2013;na;na;100;10;native forest;igneous;na;na;RL;19;well;1;1;na;high;14/03/09;Pablo Miguel, Alessandro Samuel Rosa, Jean Michel Moura Bueno, Eduardo Adirbal Rosa
na;sm-dnos-141;-53.790576;-29.642679;15;2008;2013;na;na;100;10;animal husbandry;igneous;na;na;RL;90;well;1;1;na;somewhat high;14/03/09;Pablo Miguel, Alessandro Samuel Rosa, Jean Michel Moura Bueno, Eduardo Adirbal Rosa
na;sm-dnos-142;-53.788381;-29.63922;15;2008;2013;na;na;100;10;shrubland;igneous;na;na;RL;45;well;1;1;na;high;14/03/09;Pablo Miguel, Alessandro Samuel Rosa, Jean Michel Moura Bueno, Eduardo Adirbal Rosa
na;sm-dnos-143;-53.786019;-29.637508;15;2008;2013;na;na;100;15;native forest;igneous;na;na;RL;128;well;1;0;na;high;14/03/09;Pablo Miguel, Alessandro Samuel Rosa, Jean Michel Moura Bueno, Eduardo Adirbal Rosa
na;sm-dnos-144;-53.788554;-29.637093;15;2008;2013;na;na;100;17.5;native forest;igneous;na;na;RL;115;well;1;0;na;high;14/03/09;Pablo Miguel, Alessandro Samuel Rosa, Jean Michel Moura Bueno, Eduardo Adirbal Rosa
na;sm-dnos-145;-53.785555;-29.634745;15;2008;2013;na;na;100;5;native forest;igneous;na;na;RL;15;well;1;0;na;somewhat high;14/03/09;Pablo Miguel, Alessandro Samuel Rosa, Jean Michel Moura Bueno, Eduardo Adirbal Rosa
na;sm-dnos-146;-53.782922;-29.63555;15;2008;2013;na;na;100;20;animal husbandry;igneous;na;na;RL;15;well;1;1;na;somewhat high;14/03/09;Pablo Miguel, Alessandro Samuel Rosa, Jean Michel Moura Bueno, Eduardo Adirbal Rosa
na;sm-dnos-147;-53.770017;-29.640732;15;2008;2013;na;na;100;20;forestry;igneous;na;na;RL;12;well;1;0;na;high;14/03/09;Pablo Miguel, Alessandro Samuel Rosa, Jean Michel Moura Bueno, Eduardo Adirbal Rosa
na;sm-dnos-148;-53.773006;-29.640575;15;2008;2013;na;na;100;20;native forest;igneous;na;na;RL;52;well;1;0;na;high;14/03/09;Pablo Miguel, Alessandro Samuel Rosa, Jean Michel Moura Bueno, Eduardo Adirbal Rosa
na;sm-dnos-149;-53.775973;-29.639462;15;2008;2013;na;na;100;20;forestry;igneous;na;na;RL;116;well;1;0;na;high;14/03/09;Pablo Miguel, Alessandro Samuel Rosa, Jean Michel Moura Bueno, Eduardo Adirbal Rosa
na;sm-dnos-150;-53.776691;-29.637458;15;2008;2013;na;na;100;6.5;shrubland;igneous;na;na;RL;3;moderately well;0;0;na;high;14/03/09;Pablo Miguel, Alessandro Samuel Rosa, Jean Michel Moura Bueno, Eduardo Adirbal Rosa
na;sm-dnos-151;-53.773347;-29.637918;15;2008;2013;na;na;100;20;native forest;igneous;na;na;RL;20;well;1;0;na;high;14/03/09;Pablo Miguel, Alessandro Samuel Rosa, Jean Michel Moura Bueno, Eduardo Adirbal Rosa
na;sm-dnos-152;-53.770344;-29.638366;15;2008;2013;na;na;100;20;crop agriculture;igneous;na;na;PVA;2;somewhat poorly;0;0;na;somewhat high;14/03/09;Pablo Miguel, Alessandro Samuel Rosa, Jean Michel Moura Bueno, Eduardo Adirbal Rosa
na;sm-dnos-153;-53.774149;-29.6352;15;2008;2013;na;na;100;10;crop agriculture;igneous;na;na;RL;50;well;1;1;na;medium;14/03/09;Pablo Miguel, Alessandro Samuel Rosa, Jean Michel Moura Bueno, Eduardo Adirbal Rosa
na;sm-dnos-154;-53.770128;-29.635703;15;2008;2013;na;na;100;20;forestry;igneous;na;na;PV;3;somewhat poorly;0;0;na;somewhat high;14/03/09;Pablo Miguel, Alessandro Samuel Rosa, Jean Michel Moura Bueno, Eduardo Adirbal Rosa
na;sm-dnos-155;-53.770967;-29.633143;15;2008;2013;na;na;100;20;crop agriculture;igneous;na;na;PV;8;well;0;0;na;somewhat low;14/03/09;Pablo Miguel, Alessandro Samuel Rosa, Jean Michel Moura Bueno, Eduardo Adirbal Rosa
na;sm-dnos-156;-53.775819;-29.630383;15;2008;2013;na;na;100;20;shrubland;igneous;na;na;RR;104;well;0;0;na;high;14/03/09;Pablo Miguel, Alessandro Samuel Rosa, Jean Michel Moura Bueno, Eduardo Adirbal Rosa
na;sm-dnos-157;-53.771754;-29.630468;15;2008;2013;na;na;100;20;forestry;igneous;na;na;RL;18;moderately well;0;0;na;high;14/03/09;Pablo Miguel, Alessandro Samuel Rosa, Jean Michel Moura Bueno, Eduardo Adirbal Rosa
na;sm-dnos-158;-53.772261;-29.627864;15;2008;2013;na;na;100;20;crop agriculture;igneous;na;na;PV;3;well;0;0;na;somewhat low;14/03/09;Pablo Miguel, Alessandro Samuel Rosa, Jean Michel Moura Bueno, Eduardo Adirbal Rosa
na;sm-dnos-159;-53.793845;-29.641301;15;2008;2013;na;na;100;20;crop agriculture;igneous;na;na;CX;126;well;1;0;na;somewhat low;15/03/09;Pablo Miguel, Alessandro Samuel Rosa, Jean Michel Moura Bueno, Eduardo Adirbal Rosa, Andrisa Balbinot
na;sm-dnos-160;-53.795824;-29.63928;15;2008;2013;na;na;100;12.5;native forest;igneous;na;na;RL;15;well;1;0;na;somewhat high;15/03/09;Pablo Miguel, Alessandro Samuel Rosa, Jean Michel Moura Bueno, Eduardo Adirbal Rosa, Andrisa Balbinot
na;sm-dnos-161;-53.792181;-29.639704;15;2008;2013;na;na;100;20;crop agriculture;sedimentary;na;na;RR;95;well;0;0;na;somewhat low;15/03/09;Pablo Miguel, Alessandro Samuel Rosa, Jean Michel Moura Bueno, Eduardo Adirbal Rosa, Andrisa Balbinot
na;sm-dnos-162;-53.793533;-29.637754;15;2008;2013;na;na;100;10;animal husbandry;igneous;na;na;RL;20;moderately well;0;0;na;high;15/03/09;Pablo Miguel, Alessandro Samuel Rosa, Jean Michel Moura Bueno, Eduardo Adirbal Rosa, Andrisa Balbinot
na;sm-dnos-163;-53.791644;-29.637043;15;2008;2013;na;na;100;20;native forest;sedimentary;na;na;RL;15;moderately well;0;0;na;somewhat high;15/03/09;Pablo Miguel, Alessandro Samuel Rosa, Jean Michel Moura Bueno, Eduardo Adirbal Rosa, Andrisa Balbinot
na;sm-dnos-164;-53.79277;-29.634679;15;2008;2013;na;na;100;20;animal husbandry;sedimentary;na;na;RY;3;moderately well;0;0;na;somewhat high;15/03/09;Pablo Miguel, Alessandro Samuel Rosa, Jean Michel Moura Bueno, Eduardo Adirbal Rosa, Andrisa Balbinot
na;sm-dnos-165;-53.793491;-29.632815;15;2008;2013;na;na;100;20;animal husbandry;sedimentary;na;na;RL;30;well;1;1;na;somewhat high;15/03/09;Pablo Miguel, Alessandro Samuel Rosa, Jean Michel Moura Bueno, Eduardo Adirbal Rosa, Andrisa Balbinot
na;sm-dnos-166;-53.792412;-29.632731;15;2008;2013;na;na;100;20;animal husbandry;sedimentary;na;na;RL;63;well;0;0;na;somewhat high;15/03/09;Pablo Miguel, Alessandro Samuel Rosa, Jean Michel Moura Bueno, Eduardo Adirbal Rosa, Andrisa Balbinot
na;sm-dnos-167;-53.789929;-29.631019;15;2008;2013;na;na;100;20;crop agriculture;igneous;na;na;RL;57;well;0;0;na;somewhat low;15/03/09;Pablo Miguel, Alessandro Samuel Rosa, Jean Michel Moura Bueno, Eduardo Adirbal Rosa, Andrisa Balbinot
na;sm-dnos-168;-53.789562;-29.633504;15;2008;2013;na;na;100;20;native forest;igneous;na;na;RL;61;well;0;0;na;high;15/03/09;Pablo Miguel, Alessandro Samuel Rosa, Jean Michel Moura Bueno, Eduardo Adirbal Rosa, Andrisa Balbinot
na;sm-dnos-169;-53.808173;-29.640348;15;2008;2013;na;na;100;20;animal husbandry;sedimentary;na;na;PBAC;5;well;0;0;na;medium;15/03/09;Pablo Miguel, Alessandro Samuel Rosa, Jean Michel Moura Bueno, Eduardo Adirbal Rosa, Andrisa Balbinot
na;sm-dnos-170;-53.791219;-29.659826;15;2008;2013;na;na;100;20;shrubland;sedimentary;na;na;RY;3;somewhat poorly;0;0;na;high;17/03/09;Pablo Miguel, Alessandro Samuel Rosa
na;sm-dnos-171;-53.791357;-29.661561;15;2008;2013;na;na;100;20;animal husbandry;sedimentary;na;na;RY;3;poorly;0;0;na;somewhat high;17/03/09;Pablo Miguel, Alessandro Samuel Rosa
na;sm-dnos-172;-53.790273;-29.661112;15;2008;2013;na;na;100;20;animal husbandry;sedimentary;na;na;RY;3;poorly;0;0;na;high;17/03/09;Pablo Miguel, Alessandro Samuel Rosa
na;sm-dnos-173;-53.788316;-29.660327;15;2008;2013;na;na;100;20;animal husbandry;sedimentary;na;na;PBAC;3;poorly;0;0;na;high;17/03/09;Pablo Miguel, Alessandro Samuel Rosa
na;sm-dnos-174;-53.791491;-29.657305;15;2008;2013;na;na;100;20;shrubland;sedimentary;na;na;RY;3;moderately well;0;0;na;high;17/03/09;Pablo Miguel, Alessandro Samuel Rosa
na;sm-dnos-175;-53.788747;-29.656993;15;2008;2013;na;na;100;20;shrubland;sedimentary;na;na;RY;5;moderately well;0;0;na;somewhat high;17/03/09;Pablo Miguel, Alessandro Samuel Rosa
na;sm-dnos-176;-53.785327;-29.65311;15;2008;2013;na;na;100;20;native forest;sedimentary;na;na;RL;58;well;0;0;na;high;17/03/09;Pablo Miguel, Alessandro Samuel Rosa
na;sm-dnos-177;-53.783219;-29.651386;15;2008;2013;na;na;100;20;native forest;igneous;na;na;RL;55;moderately well;1;0;na;somewhat high;17/03/09;Pablo Miguel, Alessandro Samuel Rosa
na;sm-dnos-178;-53.783879;-29.649234;15;2008;2013;na;na;100;5;native forest;igneous;na;na;RL;47;well;0;0;na;somewhat high;17/03/09;Pablo Miguel, Alessandro Samuel Rosa
na;sm-dnos-179;-53.780514;-29.648612;15;2008;2013;na;na;100;20;crop agriculture;igneous;na;na;RL;17;well;0;0;na;somewhat high;17/03/09;Pablo Miguel, Alessandro Samuel Rosa
na;sm-dnos-180;-53.778733;-29.646016;15;2008;2013;na;na;100;20;native forest;igneous;na;na;RL;84;well;0;0;na;high;17/03/09;Pablo Miguel, Alessandro Samuel Rosa
na;sm-dnos-181;-53.777791;-29.644165;15;2008;2013;na;na;100;15;crop agriculture;igneous;na;na;RL;18;well;0;0;na;high;17/03/09;Pablo Miguel, Alessandro Samuel Rosa
na;sm-dnos-182;-53.77652;-29.642462;15;2008;2013;na;na;100;15;crop agriculture;igneous;na;na;RL;91;well;1;0;na;somewhat high;17/03/09;Pablo Miguel, Alessandro Samuel Rosa
na;sm-dnos-183;-53.772698;-29.64255;15;2008;2013;na;na;100;10;native forest;igneous;na;na;RL;8;well;0;0;na;high;17/03/09;Pablo Miguel, Alessandro Samuel Rosa
na;sm-dnos-184;-53.773951;-29.632775;15;2008;2013;na;na;100;17.5;native forest;igneous;na;na;RL;68;well;1;0;na;somewhat high;18/03/09;Pablo Miguel, Alessandro Samuel Rosa
na;sm-dnos-185;-53.77524;-29.62796;15;2008;2013;na;na;100;20;crop agriculture;igneous;na;na;PVA;9;moderately well;0;0;na;somewhat low;18/03/09;Pablo Miguel, Alessandro Samuel Rosa
na;sm-dnos-186;-53.779236;-29.630274;15;2008;2013;na;na;100;10;forestry;igneous;na;na;RL;17;well;1;0;na;high;18/03/09;Pablo Miguel, Alessandro Samuel Rosa
na;sm-dnos-187;-53.779139;-29.628052;15;2008;2013;na;na;100;20;forestry;igneous;na;na;PV;4;well;0;0;na;high;18/03/09;Pablo Miguel, Alessandro Samuel Rosa
na;sm-dnos-188;-53.783342;-29.627437;15;2008;2013;na;na;100;20;native forest;igneous;na;na;PVA;6;moderately well;0;0;na;high;18/03/09;Pablo Miguel, Alessandro Samuel Rosa
na;sm-dnos-189;-53.785368;-29.628124;15;2008;2013;na;na;100;15;animal husbandry;igneous;na;na;RL;11;well;0;0;na;high;18/03/09;Pablo Miguel, Alessandro Samuel Rosa
na;sm-dnos-190;-53.785349;-29.625145;15;2008;2013;na;na;100;10;animal husbandry;igneous;na;na;RL;3;well;0;0;na;high;18/03/09;Pablo Miguel, Alessandro Samuel Rosa
na;sm-dnos-191;-53.787398;-29.62342;15;2008;2013;na;na;100;20;animal husbandry;igneous;na;na;PV;6;well;0;0;na;high;18/03/09;Pablo Miguel, Alessandro Samuel Rosa
na;sm-dnos-192;-53.788318;-29.621231;15;2008;2013;na;na;100;20;crop agriculture;igneous;na;na;PV;5;well;0;0;na;somewhat low;18/03/09;Pablo Miguel, Alessandro Samuel Rosa
na;sm-dnos-193;-53.790046;-29.61797;15;2008;2013;na;na;100;5;native forest;igneous;na;na;RL;20;well;0;0;na;high;18/03/09;Pablo Miguel, Alessandro Samuel Rosa
na;sm-dnos-194;-53.7917;-29.615567;15;2008;2013;na;na;100;20;forestry;igneous;na;na;PA;3;well;0;0;na;somewhat high;18/03/09;Pablo Miguel, Alessandro Samuel Rosa
na;sm-dnos-195;-53.793258;-29.618216;15;2008;2013;na;na;100;20;shrubland;igneous;na;na;RL;85;well;1;0;na;high;18/03/09;Pablo Miguel, Alessandro Samuel Rosa
na;sm-dnos-196;-53.795506;-29.614269;15;2008;2013;na;na;100;20;animal husbandry;igneous;na;na;PVA;12;well;0;0;na;somewhat low;18/03/09;Pablo Miguel, Alessandro Samuel Rosa
na;sm-dnos-197;-53.793946;-29.611541;15;2008;2013;na;na;100;20;forestry;igneous;na;na;PVA;6;well;0;0;na;somewhat high;18/03/09;Pablo Miguel, Alessandro Samuel Rosa
na;sm-dnos-198;-53.796737;-29.61049;15;2008;2013;na;na;100;20;forestry;igneous;na;na;PVA;10;well;0;0;na;medium;18/03/09;Pablo Miguel, Alessandro Samuel Rosa
na;sm-dnos-199;-53.798536;-29.612433;15;2008;2013;na;na;100;20;forestry;igneous;na;na;PV;3;well;0;0;na;high;18/03/09;Pablo Miguel, Alessandro Samuel Rosa
na;sm-dnos-200;-53.796745;-29.616664;15;2008;2013;na;na;100;20;animal husbandry;igneous;na;na;PVA;10;well;0;0;na;medium;18/03/09;Pablo Miguel, Alessandro Samuel Rosa
na;sm-dnos-201;-53.797217;-29.619087;15;2008;2013;na;na;100;20;native forest;igneous;na;na;PV;8;well;0;0;na;high;18/03/09;Pablo Miguel, Alessandro Samuel Rosa
na;sm-dnos-202;-53.789514;-29.625137;15;2008;2013;na;na;100;5;shrubland;igneous;na;na;RL;3;well;1;0;na;high;20/03/09;Pablo Miguel, Alessandro Samuel Rosa
na;sm-dnos-203;-53.791354;-29.624543;15;2008;2013;na;na;100;10;native forest;igneous;na;na;RL;54;well;0;0;na;high;20/03/09;Pablo Miguel, Alessandro Samuel Rosa
na;sm-dnos-204;-53.792262;-29.620957;15;2008;2013;na;na;100;20;animal husbandry;igneous;na;na;RL;12;well;1;0;na;high;20/03/09;Pablo Miguel, Alessandro Samuel Rosa
na;sm-dnos-205;-53.795304;-29.621054;15;2008;2013;na;na;100;8;animal husbandry;igneous;na;na;RL;101;well;1;0;na;high;20/03/09;Pablo Miguel, Alessandro Samuel Rosa
na;sm-dnos-206;-53.79328;-29.624849;15;2008;2013;na;na;100;20;native forest;igneous;na;na;RR;46;well;0;0;na;high;20/03/09;Pablo Miguel, Alessandro Samuel Rosa
na;sm-dnos-207;-53.797944;-29.624563;15;2008;2013;na;na;100;20;crop agriculture;igneous;na;na;RR;17;well;1;0;na;somewhat high;20/03/09;Pablo Miguel, Alessandro Samuel Rosa
na;sm-dnos-208;-53.798718;-29.621531;15;2008;2013;na;na;100;10;forestry;igneous;na;na;RL;16;well;0;0;na;somewhat high;20/03/09;Pablo Miguel, Alessandro Samuel Rosa
na;sm-dnos-209;-53.80126;-29.628894;15;2008;2013;na;na;100;20;shrubland;igneous;na;na;RL;64;well;0;0;na;high;20/03/09;Pablo Miguel, Alessandro Samuel Rosa
na;sm-dnos-210;-53.800734;-29.624383;15;2008;2013;na;na;100;20;forestry;igneous;na;na;RL;6;well;0;0;na;high;20/03/09;Pablo Miguel, Alessandro Samuel Rosa
na;sm-dnos-211;-53.801974;-29.622385;15;2008;2013;na;na;100;20;forestry;igneous;na;na;RL;3;moderately well;0;0;na;high;20/03/09;Pablo Miguel, Alessandro Samuel Rosa
na;sm-dnos-212;-53.805302;-29.622928;15;2008;2013;na;na;100;20;crop agriculture;igneous;na;na;PV;8;well;1;1;na;somewhat low;20/03/09;Pablo Miguel, Alessandro Samuel Rosa
na;sm-dnos-213;-53.804503;-29.620519;15;2008;2013;na;na;100;5;shrubland;igneous;na;na;RL;97;well;1;0;na;high;20/03/09;Pablo Miguel, Alessandro Samuel Rosa
na;sm-dnos-214;-53.801228;-29.618387;15;2008;2013;na;na;100;12.5;forestry;igneous;na;na;RL;10;well;1;0;na;somewhat high;20/03/09;Pablo Miguel, Alessandro Samuel Rosa
na;sm-dnos-215;-53.822924;-29.623346;15;2008;2013;na;na;100;20;crop agriculture;igneous;na;na;CX;5;somewhat poorly;0;0;na;low;21/03/09;Jean Michel Moura Bueno, Michel André Miguel
na;sm-dnos-216;-53.819207;-29.621771;15;2008;2013;na;na;100;20;animal husbandry;igneous;na;na;RL;10;well;1;1;na;somewhat high;21/03/09;Jean Michel Moura Bueno, Michel André Miguel
na;sm-dnos-217;-53.816321;-29.620647;15;2008;2013;na;na;100;20;shrubland;igneous;na;na;RL;20;well;1;1;na;somewhat high;21/03/09;Jean Michel Moura Bueno, Michel André Miguel
na;sm-dnos-218;-53.817553;-29.616431;15;2008;2013;na;na;100;20;shrubland;igneous;na;na;RL;20;well;1;1;na;somewhat high;21/03/09;Jean Michel Moura Bueno, Michel André Miguel
na;sm-dnos-219;-53.816231;-29.618045;15;2008;2013;na;na;100;20;shrubland;igneous;na;na;RL;20;well;1;1;na;medium;21/03/09;Jean Michel Moura Bueno, Michel André Miguel
na;sm-dnos-220;-53.813617;-29.614749;15;2008;2013;na;na;100;20;native forest;igneous;na;na;RL;10;well;1;1;na;medium;21/03/09;Jean Michel Moura Bueno, Michel André Miguel
na;sm-dnos-221;-53.812664;-29.616864;15;2008;2013;na;na;100;20;animal husbandry;igneous;na;na;RL;3;well;1;1;na;somewhat high;21/03/09;Jean Michel Moura Bueno, Michel André Miguel
na;sm-dnos-222;-53.813449;-29.619463;15;2008;2013;na;na;100;20;native forest;igneous;na;na;RL;47;well;1;1;na;medium;21/03/09;Jean Michel Moura Bueno, Michel André Miguel
na;sm-dnos-223;-53.809642;-29.617424;15;2008;2013;na;na;100;20;animal husbandry;igneous;na;na;RL;18;well;1;1;na;somewhat high;21/03/09;Jean Michel Moura Bueno, Michel André Miguel
na;sm-dnos-224;-53.81223;-29.610305;15;2008;2013;na;na;100;20;animal husbandry;igneous;na;na;RL;5;well;1;1;na;somewhat high;21/03/09;Jean Michel Moura Bueno, Michel André Miguel
na;sm-dnos-225;-53.809643;-29.613359;15;2008;2013;na;na;100;20;shrubland;igneous;na;na;RL;3;well;1;1;na;somewhat high;21/03/09;Jean Michel Moura Bueno, Michel André Miguel
na;sm-dnos-226;-53.80738;-29.615494;15;2008;2013;na;na;100;20;native forest;igneous;na;na;RL;10;well;1;1;na;low;21/03/09;Jean Michel Moura Bueno, Michel André Miguel
na;sm-dnos-227;-53.817121;-29.624174;15;2008;2013;na;na;100;20;animal husbandry;sedimentary;na;na;RL;55;somewhat poorly;1;0;na;high;12/03/09;Pablo Miguel, Alessandro Samuel Rosa
na;sm-dnos-228;-53.815956;-29.626721;15;2008;2013;na;na;100;5;animal husbandry;sedimentary;na;na;RL;36;well;1;0;na;high;12/03/09;Pablo Miguel, Alessandro Samuel Rosa
na;sm-dnos-229;-53.814091;-29.629407;15;2008;2013;na;na;100;20;native forest;sedimentary;na;na;RL;48;well;0;0;na;high;12/03/09;Pablo Miguel, Alessandro Samuel Rosa
na;sm-dnos-230;-53.81169;-29.631197;15;2008;2013;na;na;100;15;animal husbandry;sedimentary;na;na;RL;19;well;0;0;na;high;12/03/09;Pablo Miguel, Alessandro Samuel Rosa
na;sm-dnos-231;-53.813642;-29.63279;15;2008;2013;na;na;100;20;crop agriculture;sedimentary;na;na;RL;98;well;0;0;na;somewhat high;12/03/09;Pablo Miguel, Alessandro Samuel Rosa
na;sm-dnos-232;-53.820196;-29.623587;15;2008;2013;na;na;100;15;animal husbandry;igneous;na;na;RL;76;well;1;0;na;high;21/03/09;Alessandro Samuel Rosa, Andrisa Balbinot
na;sm-dnos-233;-53.818971;-29.626035;15;2008;2013;na;na;100;2;native forest;igneous;na;na;RL;60;well;1;0;na;high;21/03/09;Alessandro Samuel Rosa, Andrisa Balbinot
na;sm-dnos-234;-53.818497;-29.628662;15;2008;2013;na;na;100;12.5;animal husbandry;igneous;na;na;RL;117;well;1;0;na;high;21/03/09;Alessandro Samuel Rosa, Andrisa Balbinot
na;sm-dnos-235;-53.816122;-29.630581;15;2008;2013;na;na;100;15;animal husbandry;igneous;na;na;RL;118;well;1;0;na;high;21/03/09;Alessandro Samuel Rosa, Andrisa Balbinot
na;sm-dnos-236;-53.816982;-29.633061;15;2008;2013;na;na;100;20;animal husbandry;igneous;na;na;RL;15;moderately well;1;0;na;high;21/03/09;Alessandro Samuel Rosa, Andrisa Balbinot
na;sm-dnos-237;-53.813183;-29.638562;15;2008;2013;na;na;100;20;shrubland;igneous;na;na;RL;77;moderately well;1;0;na;high;21/03/09;Alessandro Samuel Rosa, Andrisa Balbinot
na;sm-dnos-238;-53.814983;-29.638336;15;2008;2013;na;na;100;20;animal husbandry;igneous;na;na;PV;20;somewhat poorly;0;0;na;high;21/03/09;Alessandro Samuel Rosa, Andrisa Balbinot
na;sm-dnos-239;-53.814512;-29.635772;15;2008;2013;na;na;100;15;animal husbandry;igneous;na;na;RL;10;well;0;0;na;high;21/03/09;Alessandro Samuel Rosa, Andrisa Balbinot
na;sm-dnos-240;-53.817575;-29.636101;15;2008;2013;na;na;100;15;animal husbandry;igneous;na;na;RL;3;moderately well;0;0;na;high;21/03/09;Alessandro Samuel Rosa, Andrisa Balbinot
na;sm-dnos-241;-53.817617;-29.639731;15;2008;2013;na;na;100;7.5;native forest;igneous;na;na;RL;8;well;1;0;na;high;21/03/09;Alessandro Samuel Rosa, Andrisa Balbinot
na;sm-dnos-242;-53.821581;-29.64418;15;2008;2013;na;na;100;5;shrubland;igneous;na;na;RL;15;well;1;0;na;high;21/03/09;Alessandro Samuel Rosa, Andrisa Balbinot
na;sm-dnos-243;-53.816667;-29.643214;15;2008;2013;na;na;100;2.5;shrubland;sedimentary;na;na;RL;15;well;1;0;na;high;21/03/09;Alessandro Samuel Rosa, Andrisa Balbinot
na;sm-dnos-244;-53.811389;-29.633871;15;2008;2013;na;na;100;20;native forest;sedimentary;na;na;RL;129;well;0;0;na;high;12/03/09;Pablo Miguel, Alessandro Samuel Rosa
na;sm-dnos-245;-53.810934;-29.63668;15;2008;2013;na;na;100;20;animal husbandry;sedimentary;na;na;CX;56;well;0;0;na;somewhat high;12/03/09;Pablo Miguel, Alessandro Samuel Rosa
na;sm-dnos-246;-53.807824;-29.635346;15;2008;2013;na;na;100;20;crop agriculture;sedimentary;na;na;PBAC;20;well;0;0;na;somewhat low;12/03/09;Pablo Miguel, Alessandro Samuel Rosa
na;sm-dnos-247;-53.805437;-29.635722;15;2008;2013;na;na;100;17.5;native forest;sedimentary;na;na;RL;130;well;0;0;na;high;12/03/09;Pablo Miguel, Alessandro Samuel Rosa
na;sm-dnos-248;-53.810392;-29.639428;15;2008;2013;na;na;100;12.5;animal husbandry;sedimentary;na;na;RL;86;well;0;0;na;high;12/03/09;Pablo Miguel, Alessandro Samuel Rosa
na;sm-dnos-249;-53.806943;-29.61889;15;2008;2013;na;na;100;20;native forest;igneous;na;na;RL;66;well;1;1;na;medium;17/04/09;Pablo Miguel, Jean Michel Moura Bueno
na;sm-dnos-250;-53.800208;-29.615565;15;2008;2013;na;na;100;20;animal husbandry;igneous;na;na;RL;9;well;0;0;na;high;17/04/09;Pablo Miguel, Jean Michel Moura Bueno
na;sm-dnos-251;-53.804678;-29.617042;15;2008;2013;na;na;100;20;forestry;igneous;na;na;RL;5;poorly;1;1;na;somewhat low;17/04/09;Pablo Miguel, Jean Michel Moura Bueno
na;sm-dnos-252;-53.808918;-29.611013;15;2008;2013;na;na;100;20;animal husbandry;igneous;na;na;RR;8;well;0;1;na;high;17/04/09;Pablo Miguel, Jean Michel Moura Bueno
na;sm-dnos-253;-53.814113;-29.608149;50;2008;2013;na;na;100;20;crop agriculture;igneous;na;na;RR;5;well;0;1;na;low;17/04/09;Pablo Miguel, Jean Michel Moura Bueno
na;sm-dnos-254;-53.811593;-29.607023;15;2008;2013;na;na;100;20;native forest;igneous;na;na;PV;12;well;0;0;na;somewhat low;17/04/09;Pablo Miguel, Jean Michel Moura Bueno
na;sm-dnos-255;-53.809653;-29.608535;15;2008;2013;na;na;100;20;animal husbandry;igneous;na;na;PV;3;well;0;1;na;high;17/04/09;Pablo Miguel, Jean Michel Moura Bueno
na;sm-dnos-256;-53.803377;-29.614425;15;2008;2013;na;na;100;20;animal husbandry;igneous;na;na;RL;3;somewhat poorly;1;0;na;somewhat high;17/04/09;Pablo Miguel, Jean Michel Moura Bueno
na;sm-dnos-257;-53.802224;-29.611576;15;2008;2013;na;na;100;20;animal husbandry;igneous;na;na;SX;3;poorly;0;0;na;somewhat high;17/04/09;Pablo Miguel, Jean Michel Moura Bueno
na;sm-dnos-258;-53.811102;-29.622458;15;2008;2013;na;na;100;10;native forest;igneous;na;na;RL;119;well;1;0;na;high;14/07/09;Alessandro Samuel Rosa, Jean Michel Moura Bueno, Andrisa Balbinot
na;sm-dnos-259;-53.802164;-29.606817;15;2008;2013;na;na;100;20;animal husbandry;igneous;na;na;PV;8;well;0;0;na;somewhat high;17/04/09;Pablo Miguel, Jean Michel Moura Bueno
na;sm-dnos-260;-53.80344;-29.608928;15;2008;2013;na;na;100;20;animal husbandry;igneous;na;na;PV;5;well;0;0;na;somewhat high;17/04/09;Pablo Miguel, Jean Michel Moura Bueno
na;sm-dnos-261;-53.8011;-29.60458;50;2008;2013;na;na;100;20;native forest;igneous;na;na;CX;3;well;0;1;na;high;17/04/09;Pablo Miguel, Jean Michel Moura Bueno
na;sm-dnos-262;-53.798785;-29.606302;15;2008;2013;na;na;100;20;animal husbandry;igneous;na;na;PV;3;well;0;0;na;somewhat high;17/04/09;Pablo Miguel, Jean Michel Moura Bueno
na;sm-dnos-263;-53.796683;-29.607925;15;2008;2013;na;na;100;20;forestry;igneous;na;na;PV;3;well;0;0;na;medium;17/04/09;Pablo Miguel, Jean Michel Moura Bueno
na;sm-dnos-264;-53.799702;-29.608878;50;2008;2013;na;na;100;20;crop agriculture;igneous;na;na;PV;5;well;0;0;na;low;17/04/09;Pablo Miguel, Jean Michel Moura Bueno
na;sm-dnos-265;-53.806341;-29.609803;15;2008;2013;na;na;100;20;shrubland;igneous;na;na;RL;5;well;1;1;na;low;17/04/09;Pablo Miguel, Jean Michel Moura Bueno
na;sm-dnos-266;-53.806074;-29.607538;50;2008;2013;na;na;100;20;native forest;igneous;na;na;RL;5;well;1;1;na;somewhat low;17/04/09;Pablo Miguel, Jean Michel Moura Bueno
na;sm-dnos-267;-53.80544;-29.612475;50;2008;2013;na;na;100;20;native forest;igneous;na;na;RL;19;well;1;1;na;high;17/04/09;Pablo Miguel, Jean Michel Moura Bueno
na;sm-dnos-268;-53.808803;-29.627639;15;2008;2013;na;na;100;5;crop agriculture;igneous;na;na;RL;18;well;1;0;na;low;19/06/09;Pablo Miguel, Alessandro Samuel Rosa, Jessé Rodrigo Fink
na;sm-dnos-269;-53.806173;-29.626229;15;2008;2013;na;na;100;5;animal husbandry;igneous;na;na;RL;131;well;1;0;na;medium;19/06/09;Pablo Miguel, Alessandro Samuel Rosa, Jessé Rodrigo Fink
na;sm-dnos-270;-53.804337;-29.62449;15;2008;2013;na;na;100;5;native forest;igneous;na;na;RL;55;well;1;1;na;high;19/06/09;Pablo Miguel, Alessandro Samuel Rosa, Jessé Rodrigo Fink
na;sm-dnos-271;-53.805212;-29.627586;15;2008;2013;na;na;100;15;native forest;igneous;na;na;RL;8;well;0;0;na;high;19/06/09;Pablo Miguel, Alessandro Samuel Rosa, Jessé Rodrigo Fink
na;sm-dnos-272;-53.806629;-29.628861;15;2008;2013;na;na;100;5;shrubland;igneous;na;na;RL;54;well;1;0;na;somewhat high;19/06/09;Pablo Miguel, Alessandro Samuel Rosa, Jessé Rodrigo Fink
na;sm-dnos-273;-53.805395;-29.630352;15;2008;2013;na;na;100;5;native forest;igneous;na;na;RL;41;well;1;0;na;high;19/06/09;Pablo Miguel, Alessandro Samuel Rosa, Jessé Rodrigo Fink
na;sm-dnos-274;-53.808268;-29.629849;15;2008;2013;na;na;100;20;shrubland;sedimentary;na;na;PV;6;moderately well;0;1;na;somewhat high;19/06/09;Pablo Miguel, Alessandro Samuel Rosa, Jessé Rodrigo Fink
na;sm-dnos-275;-53.807248;-29.632673;15;2008;2013;na;na;100;3;native forest;igneous;na;na;RL;62;well;1;0;na;high;19/06/09;Pablo Miguel, Alessandro Samuel Rosa, Jessé Rodrigo Fink
na;sm-dnos-276;-53.805602;-29.633343;15;2008;2013;na;na;100;4;native forest;igneous;na;na;RL;60;well;1;0;na;high;19/06/09;Pablo Miguel, Alessandro Samuel Rosa, Jessé Rodrigo Fink
na;sm-dnos-277;-53.811908;-29.628733;15;2008;2013;na;na;100;20;crop agriculture;sedimentary;na;na;CX;78;moderately well;0;0;na;somewhat high;19/06/09;Pablo Miguel, Alessandro Samuel Rosa, Jessé Rodrigo Fink
na;sm-dnos-278;-53.807237;-29.638006;15;2008;2013;na;na;100;20;animal husbandry;sedimentary;na;na;RL;42;well;1;0;na;medium;19/06/09;Pablo Miguel, Alessandro Samuel Rosa, Jessé Rodrigo Fink
na;sm-dnos-279;-53.805625;-29.640199;15;2008;2013;na;na;100;20;animal husbandry;sedimentary;na;na;RR;102;well;0;0;na;high;19/06/09;Pablo Miguel, Alessandro Samuel Rosa, Jessé Rodrigo Fink
na;sm-dnos-280;-53.799526;-29.640821;15;2008;2013;na;na;100;10;crop agriculture;sedimentary;na;na;RL;50;well;1;0;na;medium;19/06/09;Pablo Miguel, Alessandro Samuel Rosa, Jessé Rodrigo Fink
na;sm-dnos-281;-53.799216;-29.643972;15;2008;2013;na;na;100;10;shrubland;sedimentary;na;na;RL;20;moderately well;0;0;na;somewhat high;19/06/09;Pablo Miguel, Alessandro Samuel Rosa, Jessé Rodrigo Fink
na;sm-dnos-282;-53.808783;-29.62472;15;2008;2013;na;na;100;20;animal husbandry;igneous;na;na;CX;5;moderately well;1;0;na;high;14/07/09;Alessandro Samuel Rosa, Jean Michel Moura Bueno, Andrisa Balbinot
na;sm-dnos-283;-53.807754;-29.622186;15;2008;2013;na;na;100;4;native forest;igneous;na;na;RL;16;well;1;0;na;high;14/07/09;Alessandro Samuel Rosa, Jean Michel Moura Bueno, Andrisa Balbinot
na;sm-dnos-284;-53.810271;-29.619944;15;2008;2013;na;na;100;4;native forest;igneous;na;na;RL;105;well;1;0;na;high;14/07/09;Alessandro Samuel Rosa, Jean Michel Moura Bueno, Andrisa Balbinot
na;sm-dnos-285;-53.81328;-29.621779;15;2008;2013;na;na;100;20;shrubland;igneous;na;na;PBAC;12;moderately well;0;0;na;high;14/07/09;Alessandro Samuel Rosa, Jean Michel Moura Bueno, Andrisa Balbinot
na;sm-dnos-286;-53.813476;-29.624584;15;2008;2013;na;na;100;20;animal husbandry;sedimentary;na;na;RQ;79;well;1;0;na;somewhat high;14/07/09;Alessandro Samuel Rosa, Jean Michel Moura Bueno, Andrisa Balbinot
na;sm-dnos-287;-53.811515;-29.625887;15;2008;2013;na;na;100;12.5;animal husbandry;igneous;na;na;RL;18;well;0;0;na;somewhat high;14/07/09;Alessandro Samuel Rosa, Jean Michel Moura Bueno, Andrisa Balbinot
na;sm-dnos-288;-53.793397;-29.643112;15;2008;2013;na;na;100;4;native forest;igneous;na;na;RL;65;well;1;0;na;high;14/07/09;Alessandro Samuel Rosa, Jean Michel Moura Bueno, Andrisa Balbinot
na;sm-dnos-289;-53.794785;-29.644984;15;2008;2013;na;na;100;12.5;native forest;igneous;na;na;RL;40;well;1;0;na;high;14/07/09;Alessandro Samuel Rosa, Jean Michel Moura Bueno, Andrisa Balbinot
na;sm-dnos-290;-53.79614;-29.64296;15;2008;2013;na;na;100;15;animal husbandry;sedimentary;na;na;PBAC;12;well;0;0;na;somewhat high;14/07/09;Alessandro Samuel Rosa, Jean Michel Moura Bueno, Andrisa Balbinot
na;sm-dnos-291;-53.797432;-29.645902;15;2008;2013;na;na;100;20;native forest;sedimentary;na;na;RL;80;well;1;1;na;high;14/07/09;Alessandro Samuel Rosa, Jean Michel Moura Bueno, Andrisa Balbinot
na;sm-dnos-292;-53.805281;-29.605145;50;2008;2013;na;na;100;12.5;animal husbandry;igneous;na;na;PV;3;well;0;0;na;somewhat high;15/07/09;Alessandro Samuel Rosa, Andrisa Balbinot
na;sm-dnos-293;-53.802114;-29.626737;15;2008;2013;na;na;100;20;shrubland;igneous;na;na;PBAC;3;moderately well;0;0;na;high;15/07/09;Alessandro Samuel Rosa, Andrisa Balbinot
na;sm-dnos-294;-53.787525;-29.625315;15;2008;2013;na;na;100;17.5;animal husbandry;igneous;na;na;PV;5;moderately well;1;0;na;somewhat high;15/07/09;Alessandro Samuel Rosa, Andrisa Balbinot
na;sm-dnos-295;-53.787066;-29.630181;15;2008;2013;na;na;100;16.5;native forest;igneous;na;na;RL;120;well;1;0;na;high;15/07/09;Alessandro Samuel Rosa, Andrisa Balbinot
na;sm-dnos-296;-53.785893;-29.631712;15;2008;2013;na;na;100;12.5;native forest;igneous;na;na;RL;99;well;1;0;na;high;15/07/09;Alessandro Samuel Rosa, Andrisa Balbinot
na;sm-dnos-297;-53.781947;-29.633002;15;2008;2013;na;na;100;3;native forest;igneous;na;na;RL;8;well;1;0;na;high;15/07/09;Alessandro Samuel Rosa, Andrisa Balbinot
na;sm-dnos-298;-53.778198;-29.633508;15;2008;2013;na;na;100;4;native forest;igneous;na;na;RL;75;well;1;0;na;high;17/07/09;Alessandro Samuel Rosa, Jean Michel Moura Bueno, Andrisa Balbinot
na;sm-dnos-299;-53.776262;-29.634397;15;2008;2013;na;na;100;12.5;shrubland;igneous;na;na;CX;132;well;0;0;na;medium;17/07/09;Alessandro Samuel Rosa, Jean Michel Moura Bueno, Andrisa Balbinot
na;sm-dnos-300;-53.779644;-29.640146;15;2008;2013;na;na;100;12.5;shrubland;sedimentary;na;na;CX;110;moderately well;1;0;na;high;17/07/09;Alessandro Samuel Rosa, Jean Michel Moura Bueno, Andrisa Balbinot
na;sm-dnos-301;-53.781591;-29.638951;15;2008;2013;na;na;100;20;shrubland;sedimentary;na;na;CX;87;moderately well;0;0;na;somewhat high;17/07/09;Alessandro Samuel Rosa, Jean Michel Moura Bueno, Andrisa Balbinot
na;sm-dnos-302;-53.779321;-29.636665;15;2008;2013;na;na;100;12.5;native forest;igneous;na;na;RL;52;well;1;0;na;high;17/07/09;Alessandro Samuel Rosa, Jean Michel Moura Bueno, Andrisa Balbinot
na;sm-dnos-303;-53.782053;-29.629925;15;2008;2013;na;na;100;20;native forest;igneous;na;na;RL;8;well;1;0;na;high;17/07/09;Alessandro Samuel Rosa, Jean Michel Moura Bueno, Andrisa Balbinot
na;sm-dnos-304;-53.781895;-29.646936;15;2008;2013;na;na;100;20;native forest;sedimentary;na;na;PV;14;moderately well;1;0;na;high;17/07/09;Alessandro Samuel Rosa, Jean Michel Moura Bueno, Andrisa Balbinot
na;sm-dnos-305;-53.78165;-29.643288;15;2008;2013;na;na;100;20;native forest;sedimentary;na;na;RL;111;well;0;0;na;high;17/07/09;Alessandro Samuel Rosa, Jean Michel Moura Bueno, Andrisa Balbinot
na;sm-dnos-306;-53.783971;-29.641426;15;2008;2013;na;na;100;12.5;animal husbandry;sedimentary;na;na;RL;106;well;0;0;na;medium;17/07/09;Alessandro Samuel Rosa, Jean Michel Moura Bueno, Andrisa Balbinot
na;sm-dnos-307;-53.78928;-29.645178;15;2008;2013;na;na;100;20;native forest;sedimentary;na;na;PBAC;121;well;0;0;na;high;17/07/09;Alessandro Samuel Rosa, Jean Michel Moura Bueno, Andrisa Balbinot
na;sm-dnos-308;-53.801995;-29.643462;15;2008;2013;na;na;100;20;animal husbandry;sedimentary;na;na;RY;3;moderately well;0;0;na;somewhat low;17/07/09;Alessandro Samuel Rosa, Jean Michel Moura Bueno, Andrisa Balbinot
na;sm-dnos-309;-53.798483;-29.638399;15;2008;2013;na;na;100;20;animal husbandry;igneous;na;na;RL;37;well;1;1;na;somewhat high;19/07/09;Pablo Miguel, Alessandro Samuel Rosa, Jean Michel Moura Bueno, Eduardo Adirbal Rosa
na;sm-dnos-310;-53.796176;-29.636379;15;2008;2013;na;na;100;10;crop agriculture;igneous;na;na;RL;107;well;1;1;na;low;19/07/09;Pablo Miguel, Alessandro Samuel Rosa, Jean Michel Moura Bueno, Eduardo Adirbal Rosa
na;sm-dnos-311;-53.796364;-29.634465;15;2008;2013;na;na;100;12.5;native forest;sedimentary;na;na;RL;122;well;1;0;na;somewhat high;19/07/09;Pablo Miguel, Alessandro Samuel Rosa, Jean Michel Moura Bueno, Eduardo Adirbal Rosa
na;sm-dnos-312;-53.801775;-29.631777;15;2008;2013;na;na;100;4;native forest;igneous;na;na;RL;112;well;1;0;na;high;19/07/09;Pablo Miguel, Alessandro Samuel Rosa, Jean Michel Moura Bueno, Eduardo Adirbal Rosa
na;sm-dnos-313;-53.798727;-29.631263;15;2008;2013;na;na;100;3;animal husbandry;igneous;na;na;RL;100;well;1;0;na;medium;19/07/09;Pablo Miguel, Alessandro Samuel Rosa, Jean Michel Moura Bueno, Eduardo Adirbal Rosa
na;sm-dnos-314;-53.796921;-29.625943;15;2008;2013;na;na;100;20;shrubland;igneous;na;na;CX;8;moderately well;0;0;na;high;19/07/09;Pablo Miguel, Alessandro Samuel Rosa, Jean Michel Moura Bueno, Eduardo Adirbal Rosa
na;sm-dnos-315;-53.793425;-29.628681;15;2008;2013;na;na;100;12.5;native forest;igneous;na;na;RR;88;well;0;0;na;high;19/07/09;Pablo Miguel, Alessandro Samuel Rosa, Jean Michel Moura Bueno, Eduardo Adirbal Rosa
na;sm-dnos-316;-53.796474;-29.630243;15;2008;2013;na;na;100;20;shrubland;igneous;na;na;RR;92;moderately well;1;0;na;high;19/07/09;Pablo Miguel, Alessandro Samuel Rosa, Jean Michel Moura Bueno, Eduardo Adirbal Rosa
na;sm-dnos-317;-53.798254;-29.629007;15;2008;2013;na;na;100;4;shrubland;igneous;na;na;RL;15;well;1;0;na;somewhat high;19/07/09;Pablo Miguel, Alessandro Samuel Rosa, Jean Michel Moura Bueno, Eduardo Adirbal Rosa
na;sm-dnos-318;-53.802661;-29.635847;15;2008;2013;na;na;100;3;native forest;igneous;na;na;RL;48;well;1;0;na;somewhat high;19/07/09;Pablo Miguel, Alessandro Samuel Rosa, Jean Michel Moura Bueno, Eduardo Adirbal Rosa
na;sm-dnos-319;-53.803755;-29.637746;15;2008;2013;na;na;100;10;animal husbandry;igneous;na;na;RL;8;well;0;0;na;somewhat high;19/07/09;Pablo Miguel, Alessandro Samuel Rosa, Jean Michel Moura Bueno, Eduardo Adirbal Rosa
na;sm-dnos-320;-53.802998;-29.639039;15;2008;2013;na;na;100;20;native forest;igneous;na;na;RL;123;well;1;0;na;high;19/07/09;Pablo Miguel, Alessandro Samuel Rosa, Jean Michel Moura Bueno, Eduardo Adirbal Rosa
na;sm-dnos-321;-53.801426;-29.638301;15;2008;2013;na;na;100;7.5;animal husbandry;igneous;na;na;RL;18;well;0;0;na;somewhat high;19/07/09;Pablo Miguel, Alessandro Samuel Rosa, Jean Michel Moura Bueno, Eduardo Adirbal Rosa
na;sm-dnos-322;-53.799553;-29.635547;15;2008;2013;na;na;100;12.5;animal husbandry;igneous;na;na;RR;89;well;1;1;na;somewhat high;19/07/09;Pablo Miguel, Alessandro Samuel Rosa, Jean Michel Moura Bueno, Eduardo Adirbal Rosa
na;sm-dnos-323;-53.802428;-29.641051;15;2008;2013;na;na;100;4;native forest;igneous;na;na;RL;125;well;1;0;na;high;19/07/09;Pablo Miguel, Alessandro Samuel Rosa, Jean Michel Moura Bueno, Eduardo Adirbal Rosa
na;sm-dnos-324;-53.787873;-29.625082;15;2008;2013;na;na;100;12.5;native forest;igneous;na;na;RL;15;well;1;0;na;high;28/02/11;Alessandro Samuel Rosa, Pablo Miguel, Marcelo Frosi, Jean Michel Moura Bueno
na;sm-dnos-325;-53.786644;-29.62871;15;2008;2013;na;na;100;15;native forest;igneous;na;na;RL;15;well;0;0;na;high;28/02/11;Alessandro Samuel Rosa, Pablo Miguel, Marcelo Frosi, Jean Michel Moura Bueno
na;sm-dnos-326;-53.788389;-29.628381;15;2008;2013;na;na;100;17;native forest;igneous;na;na;RL;20;well;0;0;na;high;28/02/11;Alessandro Samuel Rosa, Pablo Miguel, Marcelo Frosi, Jean Michel Moura Bueno
na;sm-dnos-327;-53.788474;-29.626886;15;2008;2013;na;na;100;20;native forest;igneous;na;na;RL;8;well;0;0;na;high;28/02/11;Alessandro Samuel Rosa, Pablo Miguel, Marcelo Frosi, Jean Michel Moura Bueno
na;sm-dnos-328;-53.788732;-29.626399;15;2008;2013;na;na;100;20;native forest;igneous;na;na;CX;5;well;0;0;na;high;28/02/11;Alessandro Samuel Rosa, Pablo Miguel, Marcelo Frosi, Jean Michel Moura Bueno
na;sm-dnos-329;-53.788224;-29.627674;15;2008;2013;na;na;100;7.5;native forest;igneous;na;na;RL;133;well;1;0;na;high;28/02/11;Alessandro Samuel Rosa, Pablo Miguel, Marcelo Frosi, Jean Michel Moura Bueno
na;sm-dnos-330;-53.789644;-29.627991;15;2008;2013;na;na;100;15;native forest;igneous;na;na;RL;124;well;1;0;na;high;28/02/11;Alessandro Samuel Rosa, Pablo Miguel, Marcelo Frosi, Jean Michel Moura Bueno
na;sm-dnos-331;-53.790217;-29.627805;15;2008;2013;na;na;100;15;native forest;igneous;na;na;RL;10;well;0;0;na;high;28/02/11;Alessandro Samuel Rosa, Pablo Miguel, Marcelo Frosi, Jean Michel Moura Bueno
na;sm-dnos-332;-53.79037;-29.622202;15;2008;2013;na;na;100;20;native forest;igneous;na;na;PVA;5;well;0;0;na;high;28/02/11;Alessandro Samuel Rosa, Pablo Miguel, Marcelo Frosi, Jean Michel Moura Bueno
na;sm-dnos-333;-53.793849;-29.623116;15;2008;2013;na;na;100;12.5;native forest;igneous;na;na;RL;8;well;0;0;na;high;28/02/11;Alessandro Samuel Rosa, Pablo Miguel, Marcelo Frosi, Jean Michel Moura Bueno
na;sm-dnos-334;-53.794571;-29.623717;15;2008;2013;na;na;100;5;native forest;igneous;na;na;RL;15;well;0;0;na;high;28/02/11;Alessandro Samuel Rosa, Pablo Miguel, Marcelo Frosi, Jean Michel Moura Bueno
na;sm-dnos-335;-53.795534;-29.62455;15;2008;2013;na;na;100;5;native forest;igneous;na;na;RL;5;well;0;0;na;high;28/02/11;Alessandro Samuel Rosa, Pablo Miguel, Marcelo Frosi, Jean Michel Moura Bueno
na;sm-dnos-336;-53.797046;-29.626271;15;2008;2013;na;na;100;20;native forest;igneous;na;na;PBAC;8;well;0;0;na;high;28/02/11;Alessandro Samuel Rosa, Pablo Miguel, Marcelo Frosi, Jean Michel Moura Bueno
na;sm-dnos-337;-53.796533;-29.626693;15;2008;2013;na;na;100;20;native forest;igneous;na;na;PVA;8;well;0;0;na;high;28/02/11;Alessandro Samuel Rosa, Pablo Miguel, Marcelo Frosi, Jean Michel Moura Bueno
na;sm-dnos-338;-53.797059;-29.628048;15;2008;2013;na;na;100;20;native forest;igneous;na;na;CX;5;well;0;0;na;high;28/02/11;Alessandro Samuel Rosa, Pablo Miguel, Marcelo Frosi, Jean Michel Moura Bueno
na;sm-dnos-339;-53.799666;-29.627511;15;2008;2013;na;na;100;5;native forest;igneous;na;na;RL;48;well;1;0;na;high;28/02/11;Alessandro Samuel Rosa, Pablo Miguel, Marcelo Frosi, Jean Michel Moura Bueno
na;sm-dnos-340;-53.795503;-29.629005;15;2008;2013;na;na;100;5;native forest;igneous;na;na;RL;81;well;1;1;na;high;28/02/11;Alessandro Samuel Rosa, Pablo Miguel, Marcelo Frosi, Jean Michel Moura Bueno
na;PabloP2;-53.78675;-29.625786;15;2004;2012;na;na;1;28;animal husbandry;igneous;na;na;RL;na;well;1;0;na;na;09/12/09;Pablo Miguel, Alessandro Samuel Rosa, Mariana Dossin
na;PabloP3;-53.788053;-29.621744;15;2004;2012;na;na;1;17;animal husbandry;igneous;na;na;PV;na;moderately well;0;0;na;na;09/12/09;Pablo Miguel, Alessandro Samuel Rosa, Mariana Dossin
na;PabloP4;-53.810831;-29.636804;15;2004;2012;na;na;1;20;animal husbandry;igneous;na;na;CX;na;well;1;1;na;na;29/12/09;Pablo Miguel, Jean Michel Moura Bueno, Paula Suélen Corrêa de Medeiros
na;PabloP5;-53.808223;-29.634483;15;2004;2012;na;na;1;20;animal husbandry;sedimentary;na;na;RL;na;well;1;1;na;na;29/12/09;Pablo Miguel, Jean Michel Moura Bueno, Paula Suélen Corrêa de Medeiros
na;PabloP6;-53.812302;-29.614729;15;2004;2012;na;na;1;21;animal husbandry;igneous;na;na;SX;na;poorly;0;0;na;na;30/12/09;Pablo Miguel, Alessandro Samuel Rosa, Jean Michel Moura Bueno
na;PabloP8;-53.789084;-29.654292;15;2004;2012;na;na;1;12;animal husbandry;sedimentary;na;na;RR;na;well;0;0;na;na;12/02/09;Fabrício de Araújo Pedron, Jessé Rodrigo Fink, Gabriel Antônio Deobald
na;PabloP9;-53.789503;-29.653012;15;2004;2012;na;na;1;30;animal husbandry;sedimentary;na;na;RR;na;well;0;0;na;na;13/02/09;Fabrício de Araújo Pedron, Jessé Rodrigo Fink, Gabriel Antônio Deobald
na;PabloP10;-53.789591;-29.654688;15;2004;2012;na;na;1;30;animal husbandry;sedimentary;na;na;RR;na;well;0;0;na;na;13/02/09;Fabrício de Araújo Pedron, Jessé Rodrigo Fink, Gabriel Antônio Deobald
na;PabloP11;-53.797823;-29.652891;15;2004;2012;na;na;1;23;animal husbandry;sedimentary;na;na;RL;na;well;0;0;na;na;17/02/09;Fabrício de Araújo Pedron, Jessé Rodrigo Fink, Gabriel Antônio Deobald
na;Pedron5;-53.793994;-29.651835;15;2004;2012;na;na;1;25;animal husbandry;sedimentary;na;na;RY;na;well;1;0;na;na;28/10/04;Fabrício de Araújo Pedron, Ricardo Simão Diniz Dalmolin, Alessandro Samuel Rosa
na;sm-dnos-341;-53.805933;-29.641887;6;2012;2013;183;absolute;1;20;animal husbandry;sedimentary;Caturrita Formation;ﬂuvial sandstone;PBAC;5;moderately well;0;0;0;na;14/01/13;Alessandro Samuel Rosa, Jean Michel Moura Bueno
na;sm-dnos-342;-53.806853;-29.642282;7;2012;2013;196;absolute;1;20;animal husbandry;sedimentary;Caturrita Formation;ﬂuvial sandstone;CX;12;well;0;0;0;na;14/01/13;Alessandro Samuel Rosa, Jean Michel Moura Bueno
na;sm-dnos-343;-53.807792;-29.64265;6;2012;2013;197;absolute;1;20;animal husbandry;sedimentary;Caturrita Formation;ﬂuvial sandstone;SX;3;poorly;0;0;0;na;14/01/13;Alessandro Samuel Rosa, Jean Michel Moura Bueno
na;sm-dnos-344;-53.808722;-29.643027;6;2012;2013;204;absolute;1;20;animal husbandry;sedimentary;Caturrita Formation;ﬂuvial sandstone;PBAC;10;well;0;0;0;na;14/01/13;Alessandro Samuel Rosa, Jean Michel Moura Bueno
na;sm-dnos-345;-53.809662;-29.643413;6;2012;2013;217;absolute;1;20;animal husbandry;sedimentary;Caturrita Formation;ﬂuvial sandstone;PBAC;20;poorly;0;0;0;na;14/01/13;Alessandro Samuel Rosa, Jean Michel Moura Bueno
na;sm-dnos-346;-53.80773;-29.640775;8;2012;2013;188;absolute;1;20;animal husbandry;sedimentary;Botucatu Formation-Serra Geral Formation;sandstone-basalt-rhyolite;GX;2;poorly;0;0;2;na;04/01/13;Alessandro Samuel Rosa, Jean Michel Moura Bueno
na;sm-dnos-347;-53.808717;-29.640989;7;2012;2013;193;absolute;1;20;animal husbandry;sedimentary;Botucatu Formation;aeolian sandstone;CX;5;well;0;0;0;na;04/01/13;Alessandro Samuel Rosa, Jean Michel Moura Bueno
na;sm-dnos-348;-53.809787;-29.641237;13;2012;2013;199;absolute;1;20;animal husbandry;sedimentary;Botucatu Formation-Serra Geral Formation;sandstone-basalt-rhyolite;CX;8;moderately well;0;0;0;na;04/01/13;Alessandro Samuel Rosa, Jean Michel Moura Bueno
na;sm-dnos-349;-53.81069;-29.641407;12;2012;2013;205;absolute;1;20;animal husbandry;sedimentary;Botucatu Formation-Serra Geral Formation;sandstone-basalt-rhyolite;PBAC;8;moderately well;1;0;5;na;04/01/13;Alessandro Samuel Rosa, Jean Michel Moura Bueno
na;sm-dnos-350;-53.811657;-29.641666;16;2012;2013;218;absolute;1;20;native forest;sedimentary;Botucatu Formation;aeolian sandstone;RR;45;moderately well;1;1;5;na;04/01/13;Alessandro Samuel Rosa, Jean Michel Moura Bueno
na;sm-dnos-351;-53.807954;-29.649601;18;2012;2013;209;absolute;1;20;native forest;sedimentary;Caturrita Formation;ﬂuvial sandstone;PBAC;5;well;0;0;0;na;14/01/13;Alessandro Samuel Rosa, Jean Michel Moura Bueno
na;sm-dnos-352;-53.808951;-29.649417;6;2012;2013;218;absolute;1;20;animal husbandry;sedimentary;Caturrita Formation;ﬂuvial sandstone;PBAC;15;moderately well;0;0;0;na;14/01/13;Alessandro Samuel Rosa, Jean Michel Moura Bueno
na;sm-dnos-353;-53.809981;-29.649341;7;2012;2013;229;absolute;1;20;animal husbandry;sedimentary;Caturrita Formation;ﬂuvial sandstone;PBAC;10;moderately well;0;0;0;na;14/01/13;Alessandro Samuel Rosa, Jean Michel Moura Bueno
na;sm-dnos-354;-53.811022;-29.649265;7;2012;2013;227;absolute;1;20;animal husbandry;sedimentary;Caturrita Formation;ﬂuvial sandstone;PBAC;8;moderately well;0;0;2;na;14/01/13;Alessandro Samuel Rosa, Jean Michel Moura Bueno
na;sm-dnos-355;-53.812053;-29.649189;10;2012;2013;247;absolute;1;20;animal husbandry;sedimentary;Caturrita Formation;ﬂuvial sandstone;CX;20;moderately well;0;0;0;na;05/01/13;Alessandro Samuel Rosa, Jean Michel Moura Bueno
na;sm-dnos-356;-53.815417;-29.632819;15;2012;2013;343;absolute;1;5;native forest;igneous;Serra Geral Formation Inferior Sequence;andesite-basalt;RR;15;na;1;0;40;na;13/09/12;Alessandro Samuel Rosa, Jean Michel Moura Bueno, Sara Chagas, Lorenzo Rolim da Silva
na;sm-dnos-357;-53.814453;-29.632308;8;2012;2013;317;absolute;1;20;animal husbandry;sedimentary;Botucatu Formation-Serra Geral Formation;sandstone-basalt-rhyolite;CX;45;na;1;0;0;na;13/09/12;Alessandro Samuel Rosa, Jean Michel Moura Bueno, Sara Chagas, Lorenzo Rolim da Silva
na;sm-dnos-358;-53.813526;-29.632003;6;2012;2013;287;absolute;1;10;animal husbandry;igneous;Serra Geral Formation Inferior Sequence;andesite-basalt;RR;45;na;1;0;20;na;13/09/12;Alessandro Samuel Rosa, Jean Michel Moura Bueno, Sara Chagas, Lorenzo Rolim da Silva
na;sm-dnos-359;-53.812514;-29.631627;8;2012;2013;236;absolute;1;20;animal husbandry;sedimentary;Botucatu Formation;aeolian sandstone;CX;30;poorly;0;1;0;na;03/01/13;Alessandro Samuel Rosa, Jean Michel Moura Bueno
na;sm-dnos-360;-53.811566;-29.631305;8;2012;2013;211;absolute;1;20;animal husbandry;sedimentary;Botucatu Formation;aeolian sandstone;PBAC;10;moderately well;0;0;0;na;03/01/13;Alessandro Samuel Rosa, Jean Michel Moura Bueno
na;sm-dnos-361;-53.787474;-29.623597;7;2012;2013;472;absolute;1;20;animal husbandry;igneous;Serra Geral Formation Superior Sequence;rhyolite-rhyodacite;PV;5;na;0;0;0;na;12/09/12;Alessandro Samuel Rosa, Jean Michel Moura Bueno, Lorenzo Rolim da Silva
na;sm-dnos-362;-53.786729;-29.62428;5;2012;2013;469;absolute;1;20;animal husbandry;igneous;Serra Geral Formation Superior Sequence;rhyolite-rhyodacite;PVA;3;na;0;0;0;na;12/09/12;Alessandro Samuel Rosa, Jean Michel Moura Bueno, Lorenzo Rolim da Silva
na;sm-dnos-363;-53.786023;-29.624881;5;2012;2013;466;absolute;1;20;animal husbandry;igneous;Serra Geral Formation Superior Sequence;rhyolite-rhyodacite;PVA;5;na;0;0;0;na;12/09/12;Alessandro Samuel Rosa, Jean Michel Moura Bueno, Lorenzo Rolim da Silva
na;sm-dnos-364;-53.785329;-29.625572;6;2012;2013;464;absolute;1;20;animal husbandry;igneous;Serra Geral Formation Superior Sequence;rhyolite-rhyodacite;RL;5;na;1;1;0;na;12/09/12;Alessandro Samuel Rosa, Jean Michel Moura Bueno, Lorenzo Rolim da Silva
na;sm-dnos-365;-53.784594;-29.626228;7;2012;2013;460;absolute;1;20;animal husbandry;igneous;Serra Geral Formation Superior Sequence;rhyolite-rhyodacite;PVA;3;na;0;0;0;na;12/09/12;Alessandro Samuel Rosa, Jean Michel Moura Bueno, Lorenzo Rolim da Silva
na;sm-dnos-366;-53.775854;-29.637668;8;2012;2013;376;absolute;1;12;animal husbandry;igneous;Serra Geral Formation Superior Sequence;rhyolite-rhyodacite;RL;25;moderately well;1;1;20;na;04/01/13;Alessandro Samuel Rosa, Jean Michel Moura Bueno
na;sm-dnos-367;-53.775065;-29.638261;7;2012;2013;389;absolute;1;15;animal husbandry;igneous;Serra Geral Formation Superior Sequence;rhyolite-rhyodacite;RL;30;moderately well;1;1;5;na;04/01/13;Alessandro Samuel Rosa, Jean Michel Moura Bueno
na;sm-dnos-368;-53.774265;-29.638837;7;2012;2013;409;absolute;1;20;animal husbandry;igneous;Serra Geral Formation Superior Sequence;rhyolite-rhyodacite;RR;25;well;1;1;5;na;04/01/13;Alessandro Samuel Rosa, Jean Michel Moura Bueno
na;sm-dnos-369;-53.773475;-29.639413;6;2012;2013;426;absolute;1;10;animal husbandry;igneous;Serra Geral Formation Superior Sequence;rhyolite-rhyodacite;RL;8;well;1;1;5;na;04/01/13;Alessandro Samuel Rosa, Jean Michel Moura Bueno
na;sm-dnos-370;-53.772686;-29.639998;12;2012;2013;419;absolute;1;10;shrubland;igneous;Serra Geral Formation Superior Sequence;rhyolite-rhyodacite;RL;30;well;1;1;5;na;04/01/13;Alessandro Samuel Rosa, Jean Michel Moura Bueno
na;sm-dnos-371;-53.791783;-29.651431;8;2012;2013;175;absolute;1;20;animal husbandry;sedimentary;Botucatu Formation-Serra Geral Formation;sandstone-basalt-rhyolite;GX;3;na;na;na;0;na;12/09/12;Alessandro Samuel Rosa, Jean Michel Moura Bueno, Lorenzo Rolim da Silva
na;sm-dnos-372;-53.790984;-29.652034;5;2012;2013;179;absolute;1;20;animal husbandry;sedimentary;Botucatu Formation-Serra Geral Formation;sandstone-basalt-rhyolite;PBAC;8;na;na;na;0;na;12/09/12;Alessandro Samuel Rosa, Jean Michel Moura Bueno, Lorenzo Rolim da Silva
na;sm-dnos-373;-53.790196;-29.652664;5;2012;2013;183;absolute;1;20;animal husbandry;sedimentary;Botucatu Formation-Serra Geral Formation;sandstone-basalt-rhyolite;PVA;12;na;na;na;0;na;12/09/12;Alessandro Samuel Rosa, Jean Michel Moura Bueno, Lorenzo Rolim da Silva
na;sm-dnos-374;-53.789439;-29.653311;6;2012;2013;198;absolute;1;20;animal husbandry;sedimentary;Botucatu Formation;aeolian sandstone;PBAC;15;na;na;na;0;na;12/09/12;Alessandro Samuel Rosa, Jean Michel Moura Bueno, Lorenzo Rolim da Silva
na;sm-dnos-375;-53.788711;-29.653849;7;2012;2013;189;absolute;1;20;native forest;sedimentary;Botucatu Formation;aeolian sandstone;PBAC;15;na;na;na;0;na;12/09/12;Alessandro Samuel Rosa, Jean Michel Moura Bueno, Lorenzo Rolim da Silva
na;sm-dnos-376;-53.798455;-29.616411;9;2012;2013;474;absolute;1;10;forestry;igneous;Serra Geral Formation Superior Sequence;rhyolite-rhyodacite;RL;8;na;1;0;30;na;13/09/12;Alessandro Samuel Rosa, Jean Michel Moura Bueno, Sara Chagas, Lorenzo Rolim da Silva
na;sm-dnos-377;-53.798779;-29.617297;8;2012;2013;464;absolute;1;20;forestry;igneous;Serra Geral Formation Superior Sequence;rhyolite-rhyodacite;PVA;8;na;0;0;0;na;13/09/12;Alessandro Samuel Rosa, Jean Michel Moura Bueno, Sara Chagas, Lorenzo Rolim da Silva
na;sm-dnos-378;-53.79908;-29.618103;7;2012;2013;462;absolute;1;20;forestry;igneous;Serra Geral Formation Superior Sequence;rhyolite-rhyodacite;CX;3;na;0;0;0;na;13/09/12;Alessandro Samuel Rosa, Jean Michel Moura Bueno, Sara Chagas, Lorenzo Rolim da Silva
na;sm-dnos-379;-53.799403;-29.618962;6;2012;2013;458;absolute;1;10;forestry;igneous;Serra Geral Formation Superior Sequence;rhyolite-rhyodacite;RR;5;na;1;0;0;na;13/09/12;Alessandro Samuel Rosa, Jean Michel Moura Bueno, Sara Chagas, Lorenzo Rolim da Silva
na;sm-dnos-380;-53.799727;-29.619839;5;2012;2013;452;absolute;1;10;forestry;igneous;Serra Geral Formation Superior Sequence;rhyolite-rhyodacite;RL;8;na;1;0;0;na;13/09/12;Alessandro Samuel Rosa, Jean Michel Moura Bueno, Sara Chagas, Lorenzo Rolim da Silva
na;sm-dnos-381;-53.809508;-29.627858;8;2012;2013;274;absolute;1;5;animal husbandry;sedimentary;Botucatu Formation-Serra Geral Formation;sandstone-basalt-rhyolite;RR;3;na;1;0;5;na;13/09/12;Alessandro Samuel Rosa, Jean Michel Moura Bueno, Sara Chagas, Lorenzo Rolim da Silva
na;sm-dnos-382;-53.808711;-29.628533;25;2012;2013;294;absolute;1;5;animal husbandry;igneous;Serra Geral Formation Inferior Sequence;andesite-basalt;RL;10;na;0;0;0;na;13/09/12;Alessandro Samuel Rosa, Jean Michel Moura Bueno, Sara Chagas, Lorenzo Rolim da Silva
na;sm-dnos-383;-53.80789;-29.629073;8;2012;2013;312;absolute;1;20;animal husbandry;sedimentary;Botucatu Formation;aeolian sandstone;SX;25;na;0;0;0;na;13/09/12;Alessandro Samuel Rosa, Jean Michel Moura Bueno, Sara Chagas, Lorenzo Rolim da Silva
na;sm-dnos-384;-53.807069;-29.629605;8;2012;2013;349;absolute;1;5;native forest;igneous;Serra Geral Formation Inferior Sequence;andesite-basalt;RL;30;na;1;0;50;na;13/09/12;Alessandro Samuel Rosa, Jean Michel Moura Bueno, Sara Chagas, Lorenzo Rolim da Silva
na;sm-dnos-385;-53.806321;-29.63018;15;2012;2013;374;absolute;1;5;native forest;sedimentary;Botucatu Formation-Serra Geral Formation;sandstone-basalt-rhyolite;RL;30;na;1;0;5;na;13/09/12;Alessandro Samuel Rosa, Jean Michel Moura Bueno, Sara Chagas, Lorenzo Rolim da Silva
na;sm-dnos-386;-53.817653;-29.645264;10;2012;2013;367;absolute;1;20;native forest;sedimentary;Botucatu Formation-Serra Geral Formation;sandstone-basalt-rhyolite;PBAC;18;well;1;0;0;na;04/01/13;Alessandro Samuel Rosa, Jean Michel Moura Bueno
na;sm-dnos-387;-53.816633;-29.644952;6;2012;2013;366;absolute;1;20;animal husbandry;sedimentary;Botucatu Formation;aeolian sandstone;RR;30;well;0;0;5;na;04/01/13;Alessandro Samuel Rosa, Jean Michel Moura Bueno
na;sm-dnos-388;-53.815736;-29.644637;11;2012;2013;353;absolute;1;20;native forest;sedimentary;Botucatu Formation;aeolian sandstone;RL;10;moderately well;1;1;5;na;04/01/13;Alessandro Samuel Rosa, Jean Michel Moura Bueno
na;sm-dnos-389;-53.814786;-29.644251;5;2012;2013;327;absolute;1;20;shrubland;sedimentary;Botucatu Formation;aeolian sandstone;RL;25;well;0;0;0;na;04/01/13;Alessandro Samuel Rosa, Jean Michel Moura Bueno
na;sm-dnos-390;-53.813846;-29.643883;6;2012;2013;307;absolute;1;20;shrubland;sedimentary;Botucatu Formation;aeolian sandstone;RR;25;well;1;0;0;na;04/01/13;Alessandro Samuel Rosa, Jean Michel Moura Bueno
na;sm-dnos-391;-53.803137;-29.613651;7;2012;2013;452;absolute;1;10;animal husbandry;igneous;Serra Geral Formation Superior Sequence;rhyolite-rhyodacite;RL;5;na;1;1;0;na;13/09/12;Alessandro Samuel Rosa, Jean Michel Moura Bueno, Sara Chagas, Lorenzo Rolim da Silva
na;sm-dnos-392;-53.802267;-29.613174;5;2012;2013;453;absolute;1;20;animal husbandry;igneous;Serra Geral Formation Superior Sequence;rhyolite-rhyodacite;GX;3;na;0;0;0;na;13/09/12;Alessandro Samuel Rosa, Jean Michel Moura Bueno, Sara Chagas, Lorenzo Rolim da Silva
na;sm-dnos-393;-53.801399;-29.612732;7;2012;2013;456;absolute;1;20;animal husbandry;igneous;Serra Geral Formation Superior Sequence;rhyolite-rhyodacite;PVA;8;na;0;0;0;na;13/09/12;Alessandro Samuel Rosa, Jean Michel Moura Bueno, Sara Chagas, Lorenzo Rolim da Silva
na;sm-dnos-394;-53.800487;-29.612246;7;2012;2013;462;absolute;1;20;animal husbandry;igneous;Serra Geral Formation Superior Sequence;rhyolite-rhyodacite;PVA;8;na;0;0;0;na;13/09/12;Alessandro Samuel Rosa, Jean Michel Moura Bueno, Sara Chagas, Lorenzo Rolim da Silva
na;sm-dnos-395;-53.799588;-29.611823;8;2012;2013;466;absolute;1;20;forestry;igneous;Serra Geral Formation Superior Sequence;rhyolite-rhyodacite;CX;15;na;1;0;0;na;13/09/12;Alessandro Samuel Rosa, Jean Michel Moura Bueno, Sara Chagas, Lorenzo Rolim da Silva
na;sm-dnos-396;-53.806504;-29.610721;5;2012;2013;480;absolute;1;18;animal husbandry;igneous;Serra Geral Formation Superior Sequence;rhyolite-rhyodacite;RR;5;na;0;0;0;na;13/09/12;Alessandro Samuel Rosa, Jean Michel Moura Bueno, Sara Chagas, Lorenzo Rolim da Silva
na;sm-dnos-397;-53.806146;-29.611576;4;2012;2013;479;absolute;1;20;animal husbandry;igneous;Serra Geral Formation Superior Sequence;rhyolite-rhyodacite;PVA;5;na;1;0;0;na;13/09/12;Alessandro Samuel Rosa, Jean Michel Moura Bueno, Sara Chagas, Lorenzo Rolim da Silva
na;sm-dnos-398;-53.805798;-29.61245;6;2012;2013;460;absolute;1;20;animal husbandry;igneous;Serra Geral Formation Superior Sequence;rhyolite-rhyodacite;PVA;8;na;0;0;0;na;13/09/12;Alessandro Samuel Rosa, Jean Michel Moura Bueno, Sara Chagas, Lorenzo Rolim da Silva
na;sm-dnos-399;-53.805428;-29.61326;6;2012;2013;456;absolute;1;20;animal husbandry;igneous;Serra Geral Formation Superior Sequence;rhyolite-rhyodacite;GX;3;moderately well;0;0;0;na;13/09/12;Alessandro Samuel Rosa, Jean Michel Moura Bueno, Sara Chagas, Lorenzo Rolim da Silva
na;sm-dnos-400;-53.805081;-29.614124;5;2012;2013;452;absolute;1;17;animal husbandry;igneous;Serra Geral Formation Superior Sequence;rhyolite-rhyodacite;RR;20;na;1;1;30;na;13/09/12;Alessandro Samuel Rosa, Jean Michel Moura Bueno, Sara Chagas, Lorenzo Rolim da Silva
